study_hours_per_week,parent_collaboration,attendance_rate,average_marks,final_grade
12.487123327726149,7.2834554261777065,59.25664644193098,71.14490710817309,60.08461486605231
28.620000579477654,5.824867297097083,77.0950473689179,68.75091265778386,72.12354816666141
22.495830370719343,3.78574854657695,93.64729179382041,41.53852394838614,63.73494084823828
18.762437557517025,8.324155177362538,86.61124432047805,60.474869657569386,73.30197263298591
6.368521932388223,7.162580552984913,90.32805739307248,62.811737127151424,69.82392607534852
6.367846569413674,2.463552454104022,82.93916833553587,63.92936685381403,57.83521062244828
3.626341140709585,9.198344660444583,84.61382822589263,74.81034215363994,75.02674450762598
26.252932081698184,8.402835186308522,92.45978257826596,72.0161528036127,81.87018898182721
18.831220328809845,9.548199219627316,62.483400442959294,76.47430556760668,71.34920427290095
21.826032178289275,7.531475575495239,74.47124818215703,85.8929956925277,76.61407875187331
2.5763658402824685,6.520736763422109,61.06047209098011,88.7791443229656,57.417733680853665
29.15747586053584,4.76418732661557,99.38340039983234,83.08738457358967,89.99962667741356
25.308393942411808,9.39455635018612,97.20296698433066,97.33142175729608,97.20023796313228
7.945495098991732,8.794575005503674,51.9713405684253,41.0939549605817,46.54691831927694
7.091099081798817,1.4069680309557047,85.27875862578442,51.74667914101276,55.696181349418474
7.135326275896147,1.2373027704752682,96.26241587078329,40.45377249868853,56.22257045264725
10.518782802867056,4.388170301902447,59.02876725636668,78.84848284927618,57.15412642071372
16.693180085702657,8.294979977036496,78.39726152763147,93.88183293699922,80.03784010727679
14.094460521979242,9.8854851638345,95.77441487940209,54.608937794577955,74.67308255905053
10.154415925545173,2.3537520199317536,51.69729892928994,95.6220726877784,60.00589820559666
19.131881052226625,6.347176438169216,84.871013362342,43.61604341737365,63.93549686402546
5.905828098257171,4.428017709679194,64.86745036862754,96.06616160833086,64.43830570324042
10.18005015898611,9.72922958033143,96.21980976882652,61.09736123437806,74.32933249488607
12.258131612223368,8.579070308221379,98.55291225826838,46.08524970695299,67.52270177480962
14.769959558077005,8.54495834240024,97.2133244556717,69.15230555117954,72.76274347390009
23.98492691900438,5.218238438154732,73.71071083287319,55.40659406323048,68.65431391436675
7.590865900434073,4.733375521038987,93.10213254946567,57.092374117715366,61.7439343473108
16.398564275581123,3.4606636473763563,92.22746992675351,58.43739789557719,64.8755628245806
18.58760792813719,1.507379469858344,65.95502366216279,88.1815538699598,69.7504770513966
3.3006115561599363,8.782501386295479,91.44577370753387,72.34967660051527,74.82296034472648
19.011255853240275,8.316109082170698,51.85038173577463,58.67846194936022,56.383784311194226
6.774675463244163,9.997459059575176,79.81349392410266,76.6200269986551,72.14918267590753
3.8214446035878264,9.969731533665149,61.50044186438515,82.96904045339161,67.87776344804044
28.56879504309333,5.998885350423647,56.02834428886394,56.35744004401202,64.50121181494539
29.037696926087662,7.9208867366245945,53.84766008146046,64.8129460915211,67.72640048215666
24.63512574726091,9.502891568941852,84.81443879390699,47.313165600216855,69.3173731804029
10.52918553685438,8.646826516096702,66.9937481884033,50.86896097208082,55.21878028458279
4.734819192178748,3.226132915688779,86.23833857643808,80.86707123789897,68.37985374823411
21.158524742340393,5.054897217790842,53.26781703994712,50.88630086173762,51.40541959930958
14.324269824708836,2.162434736363455,65.76451689153052,71.50980302002361,52.17485818336682
5.417070575653807,9.586459245328502,76.97456461876686,82.54277570334597,73.56017330824737
15.864953483115565,6.455571710057921,89.53615824194819,46.41261538568463,66.99462203708845
2.962878591226115,3.0577852495311646,65.9376251466035,74.03873317773422,50.142607871628
27.4609712582059,7.045306159652711,81.29456882185045,55.393767022081825,68.34347508547714
9.245839484800474,6.5631541641210625,94.29888741180935,97.77561251425479,85.15376936962969
20.550623961911494,4.223464462295564,80.79315940911523,69.01273880319548,76.54368885487398
10.727910130503506,2.022018329796661,61.64797373768169,88.35955298650948,64.36360256580178
16.561904592978703,7.044158760335196,51.220039077826904,73.0135925293757,60.26527196983035
17.30788782161183,5.68276930813414,93.50494369504649,42.60475197128915,63.54800103349666
7.175924754714757,7.950865525620754,51.063470542519354,77.98908253564134,64.72771690218364
29.14836957740764,5.68147151000794,93.73508363420997,97.08420053239942,89.94414906148272
23.703719054111207,8.669633502866862,76.4468567013606,76.09670920877987,75.30714867943281
28.305970363797297,5.9671615489703695,96.95338492564481,89.15133156560742,88.25198052935967
27.055165811974167,6.0484417438184765,89.93916178868326,93.05238780090447,85.40217298852437
18.741199406710383,8.889882423925105,99.89670552666686,53.68478631693595,75.05688393666911
27.812478580647273,4.631345795911574,67.53559077258551,52.7226903944936,68.12424715055593
4.4777900574537455,2.2061370560557667,88.35941444655634,76.6588593310595,67.00136979782052
7.487520147736065,1.2590440868200508,70.0965456804621,64.66170818840229,54.64047415775801
3.266364089495066,7.796235301062571,73.99378101519544,90.39167817200322,70.60684498113842
11.109249261371401,6.582785962181182,81.37527316091851,94.00138740388067,73.52418411001997
12.882964111305496,7.336717912893012,93.68385570931693,61.20528275816309,73.69255041945775
9.597772889669086,2.9166774535801965,99.20417345996475,54.21223353846892,63.883607547306724
25.20465025625402,2.2273432802809277,88.41367069322591,86.83153091463171,79.95302345098969
11.9890931474205,1.1309019910109375,70.8883391083667,56.48836213288817,64.10504026276567
9.866166271246662,4.155288029259372,71.06785011385351,89.3568591108207,70.59618799102114
17.195490328430957,6.309259181691698,86.87911507944457,65.42429521892578,69.22044181583333
5.945878299293354,4.530196405897591,61.938857288415115,80.05299395748823,59.92088746171857
24.46151546111311,4.937274298213562,55.52370565656973,45.73211883008009,58.327282910461264
4.0874180230335835,9.137428250443735,67.73110788203883,77.43155948059439,66.19741633551365
29.632834224814484,4.134299203209704,64.36194958270409,67.10606072423374,63.99017260719237
23.62285354030641,5.625905402438297,64.81540602279951,75.19650779052844,72.94720277373816
7.564039082956827,8.052877114670288,61.680387552495496,50.0808524646918,51.44715900924039
2.154619279460867,4.568885040891431,52.104659481818096,84.21242469665093,63.18661139693148
24.832919996735356,6.598780302050861,50.89369673667069,91.7678246525937,76.76289175643633
21.79200562773328,8.761273378720706,99.38611948680158,53.00438800544654,74.29131152535639
22.412200705147644,9.54568561291878,71.38865668679311,45.7428733312097,67.86680812320684
23.59556970720648,2.323661328361341,69.21633235798409,41.41831516278018,55.1062573190997
4.07325024855453,9.339288626453449,83.9823641346535,78.51829002659596,74.73334160874019
12.037040399239633,5.429046637715844,60.912694393253204,76.42564216532685,64.78544667278882
5.244333666703632,3.324199494690625,97.49805919751127,72.8018447628442,66.64973282050308
26.16689592451662,5.132221806144352,89.3172507207776,53.916825766958524,69.09970488254359
19.45234755117162,9.820293177569294,54.47055011561297,63.45435975433088,67.0730596743199
11.265144695874177,5.4335628459358265,70.87903878924642,75.66858011117039,65.13127224590976
3.7796338080086618,3.958764492587574,93.95591537810824,69.80601153155015,65.44272118491986
10.707505008038542,6.700607688850532,97.2366011145705,99.26713121289325,82.92330157757469
11.105133016748917,3.1613105690037377,73.37007556249348,48.18638515340399,54.93320221588453
22.428972993465795,1.6827699529779752,80.67056946053539,81.70867324285562,79.99178532927321
19.85160919794597,2.159917497195843,58.35169730460376,64.25912608625752,54.999942039921365
26.841956792137143,2.152412550619952,99.55843130684883,65.69197689553688,76.75487005392257
15.22201790453458,2.3671242416106493,61.58358506917217,83.05586593949057,68.98378500117845
5.348638886272448,2.2494445538446914,97.13658870675629,81.54616907946217,71.2984391829502
21.97085404224386,6.767872703228932,82.48233244961843,99.4753596221313,87.75838989229791
23.30198136127313,2.6369207595923037,80.38683974394296,47.703657367247516,58.30593672238663
17.715761531945894,4.111005549914768,75.63442555082543,46.246578963049984,59.215630254753584
23.587081038727707,9.071095689154106,61.53349058588793,83.46032902772447,75.21226318913551
15.82627669820294,5.265654762365851,58.82640160027542,74.70321502038455,66.59859652840802
16.63651922269583,7.008019646689244,61.02431045350877,56.44963999358835,62.81848380928347
13.97114851403939,2.5508788408146685,59.32191310721272,44.765162139339196,55.96689289289331
2.7117355488346653,2.730601169278037,88.97922367833766,45.13949497578583,55.02253887329419
5.020959955812525,1.3678175463983098,67.5062629583365,93.6514524798471,65.94094902142977
2.880017199228559,2.520415567649481,52.89213382816982,51.512039483124575,43.659199696505425
19.819491515385852,3.5073130512876274,98.45513150704056,59.40229372693125,70.56786370302748
10.801967470137146,2.5930943584907213,94.18929424817128,53.59938413361928,63.41013528051696
16.239979352611677,1.7983228038135004,96.38761415976064,61.29977834991624,67.27956455590865
27.411861269930604,2.085722839905407,99.74539113232177,44.1654305647656,68.86038959526344
8.980182416168498,5.147008912294532,58.69476246097437,71.14358745449621,62.58600447913409
13.490721844997633,2.8570034656521326,69.81210094513294,44.05675381553289,48.63292818839922
23.155431879205363,4.278428749432679,87.91192378520456,88.0213904693417,85.24193216904118
8.406348633765429,5.530755437693712,84.8010309026896,54.02272491462598,64.97052256407089
4.155437475206204,7.213553457664288,57.69479531699275,72.40071487627063,58.088453207012265
10.113040681585504,1.3538092585698904,90.79165624953089,92.80474525368749,68.93868617080686
6.514196043112124,8.194693590181384,61.22202859183304,79.05264214283164,62.673835416706815
28.031534265592047,6.6511035054181695,61.19088074113115,71.97746719308012,74.75163364739267
24.627370627803675,1.7358312875398472,76.84872114467068,59.460025186922536,64.64966120463488
19.735305182291857,8.862207616960994,79.64699674208515,59.98011478349187,67.5905806317576
26.400896525256094,9.287851604786319,79.00431039189056,80.1692173118914,80.67997021738533
24.502818153175205,1.5497016386937736,54.574341869887746,99.64836167327005,75.27108370948719
7.223961648809004,3.4918988333248335,93.87304313151901,79.71035139096271,73.48017403392582
26.991651957719377,8.255811518137552,63.2800021294353,73.46700504220149,72.55614813569225
17.10158277363822,7.734337213452926,56.47574606414021,83.83903061435477,68.47822794163214
24.60832434459375,2.6606891742073957,94.43740399344887,67.91233673702308,73.99529882971683
27.09055639785781,2.8841439100303927,97.78257491148767,43.60854055604711,65.31596371870438
10.90409729921219,4.334248925122438,93.10638086327253,73.73780895267458,76.70932947770247
5.081453886774949,5.360706866719192,90.4758037362439,97.45751707032281,77.58146981134377
8.382184551174367,6.564292943772664,82.7620990319511,50.51817654145958,63.57667496732746
13.959018081535177,4.320222756127952,77.54286853045696,81.40029344923994,75.55682180897803
24.904413445829807,5.162812445198331,54.34933799557051,52.05602131954339,60.44217648210124
26.100456331177618,7.727238443203809,70.42266065353493,72.14966106838487,72.97735109856406
2.1946596548733397,1.330148826015381,68.6344258506157,45.800586978803175,45.97985543387121
16.30092447217184,3.2719324990961867,62.98768918801631,67.02225617549111,60.19625113977542
13.687508088165812,7.420146272960972,86.17100568442925,85.36979973371476,75.85372286384555
8.219018693180447,9.056861539184794,74.79378675393855,60.85429145433892,64.6548811672073
5.356230285343118,5.6050969790409955,54.0523107953824,79.89470346923308,55.619604799167554
11.453224799301584,5.789021367387841,61.009160097490565,87.72699764738375,71.51695041309888
28.401471709550535,1.9645481020579845,84.16293818297979,95.63066916876716,82.4665273606331
11.049682096581147,5.026711301411092,53.80654297451501,54.078524911327214,51.61320648188303
16.52613740881425,5.793555398095209,92.56034570243844,63.958954948558485,72.8779276237132
21.68453084906498,3.1822345327125667,74.75732635069872,49.14496079982504,59.05999131338287
12.181628866620231,3.4231890785444286,74.0293288663324,99.5490101295025,76.9978632568644
29.209898316186898,4.395557467941604,79.62038923297588,95.62005807545772,83.67635016873403
28.948524258379116,1.1806407799995373,91.23404829625746,72.39742781683358,79.14520856985519
9.049904283110196,3.8987124902486046,67.39046039510966,90.52199766258528,64.1766608422444
15.922958164986792,2.9030320629689017,83.90080762795318,71.25747863632253,69.10396252933167
10.424592674869551,3.9474761696012317,78.28659819978955,77.41514128016559,73.337713089866
9.975533842569092,2.077859186373261,63.35141350847107,45.34746592696099,44.37162546566906
3.0328345259269183,9.014745526659055,93.9314993177579,85.31622522980848,75.49892631392366
19.06780135143711,6.342332081986438,89.8713010803464,47.66280901811409,67.92850139137289
16.07501265040812,7.111920872300407,82.92259173292128,89.5640578151517,80.52866526958118
3.441405034999702,8.102541147466045,92.52908645471209,86.92168526022316,78.02726762350757
9.80210099862512,5.485979790361515,93.36471004799012,82.52468186457858,77.53721189224572
27.431444807066303,1.7822825927868133,85.41814883575174,42.169622831485725,64.15265490470914
8.707732938675228,5.83395887636693,91.85066641818361,58.187701356719714,68.93538479415604
6.057056418554247,6.281570062187912,84.87357308346418,55.78675419465057,62.55697797111398
15.704677287771764,7.70895526765897,84.00703858801502,61.60818444829114,68.87540589416706
29.59821271509682,4.884935916067114,80.93056891075922,45.25856480583031,68.11608931196402
8.777547602322011,2.148222725160074,87.63583197788206,96.21746938186376,81.3917825022098
20.8197953273646,3.55398315218852,57.93025526465368,73.22813444274257,63.12241279878523
23.325349229204093,4.267740667587716,94.04353795994642,58.33145863948141,69.24298643533704
8.65385123178719,6.8132551719844106,93.5921763872616,63.818891024457,72.74191401544739
22.39005776113207,6.137004742020207,51.462364151727954,66.83215243029014,61.70438352706572
12.29792771613909,4.204870533080616,91.29083752823814,76.03566000163704,66.19573392478814
19.704563256620226,9.878637239136816,56.44349337367226,70.94076566178987,70.39486056277113
19.73883190130505,6.451973374211985,66.7559427129571,95.16351839286504,76.13552265773308
17.001691154093237,3.1350411256239505,87.1754128145804,69.81780897434982,69.79430408502411
4.5281135615234325,1.9160422535836337,58.03799480241541,99.52948088939877,65.29886650587653
25.388469876498664,2.375732252658988,90.8983512059531,91.08549746470575,83.87739390327316
10.981841819208604,3.213619555460573,91.6067088978871,52.51063086144015,63.89400545440894
7.222518291195918,2.446132359336001,75.37338668804182,95.83571287863498,69.46229162634745
3.1417039635333897,2.679103216461752,50.31929358584168,46.98198387312856,42.19224804507093
18.545002409270772,3.565856518244624,64.35190665874563,89.04698250947149,70.19240552327318
20.971802131583907,2.560362357652793,80.84634591878711,62.837397608594806,68.68338908005488
2.4644592099799723,9.070888821637826,99.05930890137117,92.67845922670418,83.89013045522356
16.338605632379867,1.7221037109547799,81.59067635083342,92.08340140644702,72.46701840356523
8.341881705542264,5.720602506132292,62.99017905320799,88.35552400705727,70.53409103802146
20.064838131464597,4.693571442906954,81.70028515498056,87.40182617842368,76.66389802984403
6.88226001213976,9.841407552177458,76.99926898579278,58.280748345882444,65.96531330646515
21.346256666869046,2.008350119512471,88.99226975755718,44.85515698307513,62.862024473192655
12.828589696415047,4.580700391411675,55.34903194134792,64.17881072590968,61.54681744499201
28.228439684628565,9.72523389947832,88.05139512510141,50.41147089919052,74.13751822829643
5.850586436087811,8.789564133045822,77.06332893380551,81.69706533414771,70.31497293000811
11.549857829407237,8.353648638543518,98.14960019294973,60.76598359226713,72.7232973111085
5.177258594736494,3.3211254434044584,67.0936083019343,98.53661205159489,67.89503448928747
27.891421311799757,2.5379882865105925,81.6310946566974,78.45832464071992,78.82379192371278
26.56550189466747,7.017788979319879,96.60140527550087,89.34883381806165,84.98835072404648
9.222365576024357,9.364383902148273,55.12548639953396,47.95148036451091,49.28442063557462
20.479553288957014,6.010866037125368,96.86142436182256,91.72086893635736,83.62684024140266
24.882221605634044,6.144514205229099,84.39428611504067,95.36543143080365,89.10827938574973
17.545622724784945,3.5198118429425573,53.39185295525859,69.22371512913615,63.79232509771338
16.830216193968184,7.925436398727432,65.04817834734081,76.37517626505866,69.33571465959487
8.771864145212646,2.6833937370177106,85.40860443226407,85.88858805417973,70.80692148094572
4.6068774985651775,3.913113127638193,53.36753007343859,50.49031763562475,45.29916750746445
27.12204122269315,4.828927947547751,79.10852300881366,70.15396458780654,77.61159133431495
27.211705600573254,5.568493408160095,67.29415284764784,63.919781666338785,65.49954711628698
19.726840803651502,3.181687591735722,81.04577588837385,48.782439529734944,61.62934889418883
11.492834149363619,2.033531422652832,52.28710169062564,62.05206533749188,53.82110669632297
11.777868089154506,6.495580381974693,93.57684030761882,44.09033856312961,64.26993753524535
22.326759008366704,3.597674979162302,98.67444845886985,41.54871441696922,66.47417868102983
27.119087278672158,6.231143992803511,98.44389276428458,48.109977349289366,76.47961977341703
26.838419879423284,2.389264437467821,87.48259158714623,97.78690669535044,77.4190280218834
23.83651528401347,5.330260916693358,56.5043120065316,72.97177215370101,68.23544432341727
19.976886092320058,5.793304892964272,87.91315979645113,97.94932966919319,83.75887024313103
4.355919019861368,1.4664118314018422,51.229345822940076,65.94987269980791,42.460514809205414
6.5256039946491855,4.029438503745285,51.106177576449866,58.70896798511558,50.193334843451176
27.15951727875822,2.209732092450768,66.18051095747705,70.36851177041464,71.2074701519622
18.98001367046852,1.5703747342549097,74.43215952023328,66.3707013179746,63.23808237804235
2.25751744526563,9.909642091509507,88.52037089038966,46.33988105570464,63.41397793094674
4.8412032002488985,3.9011846047725065,84.16476883032526,78.44957888141238,71.99370102044156
20.578049535025563,8.288870012691714,72.29513531883742,52.96229095057598,69.00056285801261
2.1417243476941232,3.2917658928738747,63.68133331408329,77.17527729386978,62.440028370138336
6.502625439689963,7.133524500015364,99.85622500788556,79.01206554388921,79.1624733506718
17.364546102264413,7.842050739007179,71.30906511179865,49.12149118771889,61.34871169801011
21.373065535395412,6.360748665470599,72.56935121648377,43.680977626640086,55.102361441134455
20.254915266072814,5.244185696951425,58.181191059583455,86.84569516410639,69.7250233444617
8.279540664895674,4.706568227325417,89.74047743749647,67.5880254261592,64.75683627707967
21.941018197731005,4.139814398886958,84.68411128907442,43.48982773032855,68.6475511844545
8.642974449910401,9.365762298230432,61.03848063943802,99.69197903018602,74.39553043454139
11.111191548459496,8.475574670089562,54.11905228079213,43.466833659782,50.72363103108859
22.901759343304676,9.685242195998613,84.02496510373565,81.7021137315132,84.86871039501345
20.18972117332201,2.1186750113699024,82.72556071405677,99.02073551580482,80.89648853280342
25.778255493836983,7.577807276832798,63.662976349910466,54.350806252955536,69.56156324094752
20.413160984409615,9.44506411138934,97.54317811252051,48.53496212123177,71.32758712577348
17.912640893393206,2.6310975954909415,57.55289458904501,47.283096365345735,51.21903573975662
4.622893499186589,1.5984664063009975,71.6167400521301,58.196508854055736,50.02465251191838
12.296042485664138,7.670085843610531,97.18079600837994,46.0627486606388,62.29026959872615
9.425666295088313,6.170258018619207,70.98636584630611,81.52968050164792,66.50017130716628
8.831710014614341,8.576458990824449,81.92629738320429,43.73750788780376,59.04599499122208
29.244295533068478,2.2579513896366055,69.87971989813971,70.56532768898738,68.26160337479638
13.006736290669291,8.15740580673901,63.7107601174335,99.8018112311786,74.79649817787993
26.97730354495917,2.8146458804297008,99.19888239799141,88.83821617036114,82.32575191756274
19.67188152792336,2.4729034857913406,70.46670031575215,76.91316629386066,67.47830321916048
24.254716499166157,2.4783921813789362,94.70496018395673,58.3752172471967,66.57628491388297
16.07383860694538,8.33117248208244,61.49773029455431,77.43375017749831,71.1379284314138
18.153308769538054,6.986774986265801,60.655235201254165,71.6224878346991,66.17999942977217
15.790495426928189,5.707588822922074,51.55670414422557,65.56500303342229,53.49313445412578
7.4668036583452455,4.229474357111522,82.58334126879424,47.84262260441197,55.07273403914815
22.228659227322147,8.894804867317974,68.42631718618806,93.196252914428,78.96926311553067
9.861626148343962,4.532005966803719,93.21791249198185,66.98707892927935,69.83651270306446
2.6808470600807075,8.349394955244193,73.66049533457786,51.6773507092459,60.16194305062456
20.0732242854007,4.952214177131966,98.40967139573608,62.06556105263738,68.62288170831496
6.95909902339737,4.392499864824169,59.27627578515606,64.84778515173562,54.89945864995228
28.3328403618816,5.164118071026458,93.43115839778054,89.65227373401245,87.39778837791458
28.710000156072446,3.7124008674772786,88.82984263958708,84.01686283368412,84.76425623211598
27.61620292617256,7.72848442158626,88.5460922322026,86.15829361848039,87.61681739658557
12.364443607152444,5.5244835108323125,92.23916140584438,40.661875865718834,57.993071935721574
2.432785262808288,3.0899142563213555,88.05119954714993,64.96923989078569,60.15354448591099
27.99291975245631,9.096171159471115,81.31101608157077,68.88064909811942,76.70167227321011
13.989156152884801,4.455020992358903,56.56224388411938,41.1515366093834,50.9280259097158
29.06633493322275,5.891975750025898,51.6263089745626,55.58879252470206,60.779270146164215
28.98135935849908,9.158248998680923,96.04239239078434,85.6173893873281,97.199803147216
25.884264753086082,6.618141963225929,80.8325157260369,48.22658234373994,66.94736320755746
10.244568977948399,2.0520823663752767,89.82686454880881,72.11860788715549,65.33087001707439
12.782736400853906,9.458489112521276,74.0761175756275,52.91211232103425,58.39380884679265
25.831826802471994,6.6493724776427605,55.86540944811972,40.727246478633596,49.986742835005025
10.873816144375775,4.014150531913775,56.259289610127524,54.472087455972485,46.17280021294663
6.74579690721059,2.2534486539704854,84.27826436144858,98.55242529460322,75.34271680650492
17.590435348833804,8.146226703432664,71.51529474497313,88.09222671297937,78.72606807579729
28.212333676501867,6.580654803356621,60.02623633501683,97.574598659262,75.9681655496336
21.488834306899243,5.801149827786894,74.57972733707184,69.27124263558174,73.03133912851926
17.96171276250222,9.045033247458619,53.21044685375671,46.584171920650206,53.82505078435308
4.720941825581519,8.097374901020777,79.09857009571994,72.87756933842158,67.73139164772601
19.220202347576752,2.365073917594761,63.449670221754886,67.26264007359765,65.91466748202889
29.721507802919373,3.805498610159934,89.87795503185941,90.66142496437695,89.06376395221632
5.922352426622673,3.236402258330192,65.51809794617868,45.88495484705467,46.67434157169513
16.513230266184628,7.695516633154092,72.76100745409006,69.29446822130669,66.45443837232165
26.566446013982752,1.3017919126220145,50.58102699540503,49.00291988163906,45.42081289366587
22.741521297117725,6.129007163841849,53.62234438972794,59.480555613403595,57.89097987579111
21.516440747867502,7.862128171666215,69.62467782033424,84.24142464326798,76.04140670316713
21.66955435163906,8.890890730855745,73.99694173585618,68.561087762126,70.07665926044596
12.065752234153145,4.078735738443167,80.00102740596519,62.553297108746165,62.73348651371203
10.220571639405815,8.391315742048116,64.58312893546517,63.66857671420212,61.79857273790128
24.66211235339838,1.995685632596865,84.74909430632712,67.5668061043592,70.3287482566533
24.68317505101706,8.618070625610663,93.00611985946023,87.10099263022342,86.38984782402375
26.278024920242903,2.147397960987842,88.99254944466749,93.52508133641406,84.33666026474859
27.570735471581195,4.575585615043305,51.980941267417855,97.3200811902357,76.79435185149687
16.317587168106257,8.175658292015981,74.02534736289145,87.2142031753177,73.84964869729562
16.04245625124159,2.349256846138964,55.246508920908745,58.924413744880766,57.50130450314332
24.352265011069704,3.0632625570937733,62.10225079312637,81.28808236519254,69.18247525694154
20.198990061777423,7.500273115537596,99.33312966335733,66.25618744332351,78.91528787973442
21.655072563215693,7.480328828914669,57.12477714507566,55.28023732276307,62.527447773892284
24.28219474421083,6.770328695967676,74.9444076725678,90.45229476555537,82.01039395611238
26.920149570891855,7.2455360002039,80.90778671590596,42.3055809377395,68.79151833826701
11.463864391843003,5.884519990128366,85.12324852720519,94.1057195281254,79.9075175452314
12.516322673918433,3.266191530162575,77.98243417434571,67.68864787748404,62.05009369387813
4.631494315544332,4.111263941535275,50.48854237095918,78.23208860849682,56.473031201002414
18.19184394789287,2.634379451212831,66.3230654121996,79.56123533234697,63.327593908431986
3.0063836663087784,9.176055052002654,75.88558216923558,93.70706444239218,75.04620234684279
15.036744507708885,6.250526152895084,54.39332495724167,78.20018093003245,63.97942616960986
17.194049771812146,4.607662750872759,67.53134656045904,76.8360150856037,66.94211737047746
10.023155059591964,5.1580522327971945,51.66015543956833,43.999122433641396,45.45970902805206
18.5433312959323,9.525550056506338,53.928924857751035,71.10448131671225,60.459313129229365
2.854006998293384,2.380162628044722,69.8461638100798,49.010140049022496,46.20977775360631
3.0457492849780037,6.276068488151175,56.63578770215302,84.24602612328914,61.59689110449025
25.03281569847043,5.5529981099601935,78.3770424130779,70.73331524876048,74.26174967141984
12.08533795951536,6.503088118911831,84.47324845686329,80.8136667525012,71.34779266781452
5.557694354252774,1.1629916543875645,90.02933495545415,42.50037403614306,56.2466003557971
16.622811281534524,8.849115180497364,60.007512212240506,45.087520962748194,53.591322530363804
23.559819486761103,9.38906454235251,58.37412911295349,82.97940328376094,77.688272480608
8.04298876991161,6.086198652302881,55.228392016720015,44.325060159920405,48.44521589830895
19.440933322932008,7.26985741489203,81.82151247718184,44.27540366591552,61.389612513545
4.389729019825504,9.302494430595662,85.32378632434506,40.72650851409325,62.9750253729851
3.4470881927210155,7.3651477088205874,51.5793072412821,97.39008389796881,62.514848859451554
16.877929683908143,2.3728513862283522,96.81061231218449,84.25050156754043,81.14475472045122
17.137783405082985,6.186595241501319,52.59856418257362,61.19508451012385,60.63619627441952
19.848037241949783,6.460435417445703,77.06481676505352,57.792134877259315,64.45220921124215
22.330557344234524,4.817176041721474,85.45302597254582,60.982193784750976,74.45012193965104
29.323858224950968,7.627998120622506,93.54845618730428,86.47921187087091,88.85877017409352
16.45640975243347,9.409303132921133,85.70434660662139,79.68223666422486,80.36477667010865
11.042781242354888,9.330116616160987,90.08640415348958,51.11173407204808,67.6018864455715
24.265213453523703,5.057554342637189,66.97250962714031,50.44656012004506,60.39410465577777
9.583303035338078,2.019142412566797,90.7412556873256,45.90373898280384,59.35936218188301
14.291199779757811,9.863570790661012,54.00574231923376,79.61816318208028,70.1317663268706
4.196778677583447,8.550082778013408,94.74083280302638,85.86235973330416,72.90501318213269
2.7098208156328103,2.1219641308294017,77.37961880768681,55.90278569950024,56.832521219362924
28.9541556109819,9.28757694355635,90.86488849812469,41.256697661854766,67.06809174622033
25.407443374341764,8.829067258559155,72.615914225915,44.93030004858564,68.00541383557234
21.487277770623542,5.669542514134649,82.17888475982625,98.07160209070183,87.77380367326377
13.450682443599558,6.321478921704363,76.32013304680567,57.72668664864521,59.56991673747682
6.852240961983682,4.591024334831173,86.5794760877666,86.15338887028801,71.54544801031179
6.380237194790409,1.492854749398282,54.08149910152948,77.47981413125584,51.28311956077593
9.00680114860867,4.016775174813109,53.01760419952819,62.91637837917375,51.5936220791813
17.378346611771374,8.225681037382103,62.355161700507324,52.341235731733306,58.74286320527556
22.008685835601746,1.0416882070414257,57.97723400565942,47.283185089564384,53.57931431653906
20.485526548096477,4.001492545220298,93.58917832961009,76.900778082332,81.68146294264965
9.838149114486399,4.58351824231849,60.960699367902215,86.47802683826728,69.612180671447
28.736227858569436,5.836560426441306,98.79326279095656,78.63425521246785,84.53514622388377
22.66111366748152,9.278700547714845,66.84478958855534,71.81812799494949,72.09318875736244
17.52191347031922,4.1171139492936515,59.10589578443496,42.517073405898174,45.51288803796676
19.12818089456186,4.122578817066049,89.48492535712396,98.10932665566303,81.82294951166973
13.748801747978117,7.637511232987736,82.9353887750438,87.92285149927447,81.5961192763703
8.93646770603241,5.069961468008264,74.90978582265694,57.56932220205788,63.626629476569235
11.967235002235324,3.021443406459838,77.76817754688156,98.79821976153104,72.03418072045757
23.219691093002336,5.07195564519424,85.96008891361319,76.11289537817933,75.42398783972658
2.4030176816331643,2.2677131834181985,61.422737066564935,74.94535949243479,54.864905014788825
5.250033934193654,2.58748287855601,99.8166958028371,84.88439076577193,74.9399581424463
3.288073976609077,5.4853099546553175,98.73965810733915,88.70618728540825,74.7402475979386
3.140406464931164,4.770329045540931,82.51628431734684,79.38871643989016,68.24733129519379
25.9528963523082,9.2336131096129,59.97712254645725,47.685744781972005,60.841857600426934
21.702420062640662,4.261545092049698,84.01141212156458,60.296050359669906,68.58096148711944
15.276867214445105,6.225295152502391,53.60992044895879,95.685018419563,72.5324225950896
4.739356498228041,6.690378591275773,51.532625110290304,53.476936710631115,48.50414744442755
15.765244503271306,1.1178501092950026,62.884144425560685,62.330021430250795,54.624891188145874
15.25720958185584,6.971836348150395,73.13114783696582,65.92461297665176,66.22973005610864
6.849652357480425,2.6023237018277627,93.41362527041903,66.36429938166714,64.99912477408674
14.147846178663245,9.649632857225097,86.3584534883154,76.77637494967152,76.5424576346
13.158132563126456,2.3379645497780164,87.13532605999904,96.58455026468246,77.26524780393102
19.243802745462062,4.731617113543214,71.27466672240377,54.4415627099503,65.86259653323711
19.782622224294027,1.7681470127077947,67.29674962734815,47.290082578055085,55.80222055836026
3.2685122736172465,9.971868266613527,68.55193814923014,51.848229391596234,55.4505193020669
12.489153209541193,5.519755092981184,99.3824781868029,93.21549401255618,85.9190153050827
19.52407763999862,6.358465155880394,52.005459570624126,78.74864875931236,64.81065382123506
16.087815240242456,1.6036882964958474,93.35157480612243,57.15440735434961,68.69374004563956
25.981715553273023,7.7496442335926,78.93377042861967,88.95681633811704,85.04598391431045
20.44342168533046,2.889150337860272,71.93077095947953,91.68219978180616,74.62738278621045
6.562163958280031,9.082488604966423,86.26288302075682,90.79086032141669,80.2117934653897
3.9759249272120356,2.8462567643380643,74.33344707123514,95.13559201837327,64.1905460915566
19.98773978977684,2.716189485972999,93.67116190408302,55.134461210401696,64.15845425482686
2.7423166951654108,1.328947010632854,95.03509320056293,85.3025157247767,66.50024809077851
18.401716275656973,5.248602505989993,71.08604634367276,67.6323698364484,66.8021532248366
28.32644675989881,6.083570199363548,63.841389861752575,90.5199131734037,83.98262707536315
18.11327698052461,1.5913777548551713,79.61751642966811,83.70944062969679,78.68276704746766
12.868757933782614,7.9797485502550956,95.61816728083454,86.58684678998347,84.42294370678725
20.01207011638589,5.079599512732249,60.53310945028333,79.36971026086428,69.51263437264525
14.831080933762465,5.7195124239482205,81.14832917817414,50.645726168182414,56.384669827538275
17.277270100846177,4.966864722444053,81.57801100462603,72.70161513381629,69.60178964376028
28.361014645742706,4.606867547877934,86.65565112076405,99.0801843714705,86.37139474855731
12.81087385842168,6.036762981773961,56.57838425636299,96.24328398982713,68.87299976496013
28.9133357870696,2.3971622133764123,85.79124823410443,42.5904241478207,63.39804852432813
27.349817974769785,2.63735317445744,95.45162603328205,49.888888943766226,68.24594020891877
7.4821517741003,8.756070589121656,58.984155443512094,47.903726407273716,46.36145093729611
3.9421164245046327,9.515039159202695,61.87716624619388,83.55879459911773,68.80838310741032
4.821784038567946,4.359783846517777,98.56975470208198,89.0671197914167,73.67629795885843
2.5102111182433924,3.436702058291984,59.04884763547449,52.81068197864032,47.199662568060205
4.644402901165995,6.795995889151142,92.71925466847895,70.35116157710974,75.93032691234501
21.124189655657993,4.678607539882868,74.61389282240174,90.44218168067201,74.76372165823419
3.9932821568864116,1.2284772009431038,62.36155372015885,83.96809268597504,51.04603994651449
10.931317648225317,2.4053733762957132,93.53749506362557,72.5342323295109,68.75937008001723
25.656508707144727,7.443750059626578,72.26526275013327,75.42086142752638,79.02324159739828
2.6516142006031242,6.930315477191362,75.74086769648451,70.5016328149768,68.83979595281471
24.805117512490202,1.2438639325313514,67.96166846998828,57.85290707912924,56.873118142810554
9.891933693655197,2.997749457396545,79.64754257174637,73.90131957154097,66.8660357358145
5.308615173406375,3.0796731692926427,58.17619362925114,81.33311812300545,57.230310097509054
21.50864063019622,7.047034692388555,69.55407683258804,92.39937495164847,78.77643249632435
19.610399709836752,1.1773948397892773,98.47061611676438,78.1774812387549,84.64152767227333
26.56921637875748,1.9369772378611647,62.90667163505638,85.66729222258948,66.98364179517058
22.581989226508803,8.199244768358703,82.8368332270646,49.60429809727438,69.07477823986594
24.49746605077576,2.6069019584890025,66.25950321123474,67.6934484651874,66.51467127615491
9.896968031996582,6.874714970666872,88.67365628433004,40.559897189625595,62.33534805283296
6.968307225832239,3.1436450294205387,56.54368303591749,54.80073187129738,48.6288457602265
23.017213045944033,1.8949725348341064,98.49105225392724,83.5877029067803,82.22317152138211
24.591372699483394,3.1885497189950867,72.68947706918196,99.5085970809618,79.54175048672008
29.734143976018853,7.500402386700932,61.8025231673232,45.95068597523296,63.17114562511397
13.553294953519941,8.701268212956572,53.67483736650063,64.0896589516773,58.863618874693685
12.416506402197928,8.471978781102925,58.48789525437704,88.00425812194956,72.21120598638073
23.739562900775912,4.5746517665660935,75.98869742780089,52.24213807773393,62.81663175819664
11.5424991270845,7.012766229135815,66.85015882156432,73.30509695813717,66.62914009562347
28.061205116899814,2.844858658742389,91.44416829413046,83.98427776178049,82.37281218123677
26.03555705160433,3.6383295723491194,71.5443761830903,76.95912701561073,75.84542354226788
14.011832766500515,9.067022366690077,62.435713629381496,51.28148407692497,58.27684506384514
23.024389898161928,1.1170173115966242,80.8572493302015,61.323074121144366,60.12786957513614
23.127200474371104,1.7695767776902127,85.33886084427229,87.02750706912383,81.78698203992539
4.887468327406113,2.870976296314246,58.35209539504749,73.253590847921,52.31973955070077
27.271481387027865,1.2387898348643773,58.380960814415886,40.313776812574766,49.45844278181381
16.14706642854,2.632918915808176,51.83357134667715,85.65944560168563,61.31692292674468
25.140809051016767,6.247374048727229,86.82010075328202,42.118681296414344,70.163030231437
10.961388828857128,4.792820955332481,83.19022638109026,84.74402696387392,66.87520205234169
27.074650397893613,9.034045399692774,73.7315437874907,52.14883360991425,78.63665264400805
12.897647004556568,8.356992055645968,92.20852244845986,97.48440880716282,89.2342835414462
2.303454241448354,4.076356165280884,90.28350764750266,62.07644507812507,62.326454009147774
27.35069533973938,3.3348109008816325,79.2677182198376,59.615896980284745,68.42186139028966
4.55602695001174,4.417231673505402,93.41356402566294,48.93328301994668,59.81768997656994
10.940781852531616,6.31265448263327,60.292060501838414,58.33625292941289,57.77766465051943
28.60173507742254,3.4125727674058863,55.5959809698864,92.59904570969204,76.13299781976566
28.61700011425157,6.617340170642207,63.48748057584948,99.78006025763483,84.71098743032248
18.05626086745201,4.684704869721164,52.854342804465745,62.098571830410904,57.310997930506566
19.69144194075438,5.968424627667822,76.5584764000516,66.91663785727255,68.77440649907973
14.556474615392954,4.92513876221785,96.83028461474808,83.32425629216422,78.9625801136736
10.209901607545806,3.650191835877259,51.967177033425486,93.17174682790447,63.62252354064906
11.202607270357646,9.53607976265941,56.105495700501336,75.58266005120706,68.40307990046253
20.830516770157075,7.872452147437848,72.60995141417176,63.491541890669765,70.86806519220191
23.06648682425504,2.261018581898073,96.69375087639524,64.75731045091743,64.70729983372593
24.16421322432376,8.816211783081215,65.80780524883752,81.73708878980841,78.58150597123671
24.10930799824751,5.386880784245623,75.36174043441963,40.19309581625672,60.46753619207613
4.55377088536333,9.050970042046822,52.0786429525196,77.17536024759045,60.36712146236616
15.843768531672282,8.198697303525837,57.41716004810444,61.329580626481444,59.57494259325862
3.61164528046604,4.8269215402231005,99.33150614794235,87.65183987662505,79.83003962020376
17.386808705064595,1.2022237748810567,98.25593482180227,45.57943838938793,65.35086665281536
14.362854038454557,3.4180962344645147,50.24699904672048,75.29213601690343,55.97701289631528
26.855717117232395,5.874707931947802,97.59058927116195,68.85837339316743,82.21035109555264
11.825620351458204,6.701303978435325,81.95599689077503,78.53953155431364,69.79364267386157
5.277876459972964,3.3209891688988207,93.39591472600111,43.8912156689781,52.06349038798015
6.003767097479404,2.254204666655417,72.73699278169295,74.79902724568788,58.75049302994417
23.322297688089222,8.514372131193692,75.77980142896251,73.68907527757142,78.74960085470798
19.31010577285531,9.85961962633197,74.44232901284602,73.63960566497025,77.87505001648566
4.831434931438126,5.731211640724172,83.34321287730522,76.20925999578729,69.33759815464114
4.354990571219928,2.5451135726347314,56.98256273781564,80.58807623358173,59.074846175171245
21.62713568085536,3.4507659386743206,51.4986794936339,88.29933998084618,69.14632888771678
4.037364178197419,1.1655160889272005,65.39649707955954,56.18924320769286,46.62220597119094
25.012081660129972,9.228689259044492,85.23403813683234,89.50296461080373,88.65109087451405
21.774782360381895,2.05975974601127,60.09267260614742,69.89534093580721,64.32806389717956
4.277765857973193,6.188648279628282,83.67162166624587,44.62349674805987,57.72273259753662
4.375455994385374,3.466496986184854,98.49560230536352,43.51305575463875,61.09746047853701
29.625908198032914,5.9876020226421405,54.69503578947092,60.05429912176365,66.07563688418306
12.47958228117137,6.862783495166778,83.63010591125632,87.09381862668806,78.25874398685157
12.377980117872946,8.467676233364815,72.18751096522855,82.46085608445495,76.11089928880362
24.758387883210073,2.8577914458454288,93.40711271887527,87.31689788034438,82.76429101950578
28.522960166748042,1.0989624579263242,58.857489472369295,71.03614338649656,61.71513577746168
29.608029787040387,2.2319706706192655,84.63129761130823,66.41193987732943,72.7177107723043
23.094589187250364,9.100167776632945,91.90576448240552,48.84715160237704,70.1070853510379
12.535268394865641,8.865010698062637,97.23071097370116,59.69156521655869,71.00821736379376
4.338020067562725,6.376717919532775,84.16240141448229,66.04116197043251,63.98330821437561
23.76011364596823,6.40465174390288,74.85873820042136,45.31602578077703,60.222537429522404
17.635318992602542,6.9853300709163,80.8923620100607,53.236717162672676,64.47730088739446
13.878216258915336,2.5783415076110465,93.44524922393592,75.89351764382434,66.89291081398521
27.377922782652607,9.229707513324637,78.53048733194149,84.1397868543514,84.68644637329851
5.113529504572238,4.768934724028658,51.519352984841845,99.90085068357698,65.31887295577461
15.793502920144057,4.448246754245477,96.54743477534889,95.98679988061346,82.07215769327036
2.317902053487734,5.670259347545538,84.47633755157806,78.5539119721115,69.79407136045678
15.122497975835536,1.4226937009754954,83.82566928886233,65.27488319764433,67.23802938294457
3.576491719091446,2.4965503188047147,60.78375761988586,78.17064188249395,52.0029002593416
5.326901655506013,7.642302547837334,82.94427351163286,87.13909708481393,71.90105015206102
5.290734909758937,1.7451880113261382,69.69322028270793,47.10017145540324,45.31317873049791
20.17788845924978,6.428368985197494,82.5616488520746,64.59429338177729,68.4218094182032
22.88925661943185,3.2081419871318886,55.32965151539953,90.38813713813704,72.65038307997798
18.334325422720468,4.503660526377789,82.89226523015179,63.02997711598264,67.30446133565444
28.940831357287173,3.598243630936299,99.97068628853333,74.31233627363119,81.97531908040855
12.496376226663713,4.201054448184542,52.4106019430278,75.26616165173189,52.88158262093529
9.9999384158921,7.471413146658209,98.85870921106587,51.06857518801836,69.4006147751044
26.320775589304887,3.6740954406085753,70.34539803614354,61.734126499137304,62.41808757521111
8.260683478544674,6.097641762672074,93.53767251686295,60.07067732451593,67.17010736171252
28.970231104337117,5.284453619791897,89.11927420291367,41.571802511923885,68.4076818460722
2.3403252913148576,6.973040488263833,78.3508130493334,41.45150583348131,56.22739565945077
29.156607147813894,9.431467653922821,86.92246046256633,89.9018226205464,86.4523219370153
3.208477534616131,7.593148874892252,93.92577806506739,56.38424859836874,55.56496869809162
26.95200718354599,2.934463407316811,70.20701608255165,71.08472597432893,69.95488564838377
16.775631054416394,1.2806482155515622,66.35165807816193,57.92353441532639,61.454103565252346
29.80301429134041,3.360376398698426,83.37966927817924,96.44075470692043,89.72300722617219
4.066303812591168,6.355701376302293,90.39229709706294,55.55780553194643,62.876224573266065
17.507919963236983,1.462832321358253,88.11425673883079,65.7794087643361,65.8848831504242
29.14047099733477,5.467296224811127,89.89068244293173,92.36381502907611,90.85159414454833
16.646739636764167,6.371585640252003,71.77916574064665,90.51601400750852,73.09510710193203
19.623161867787353,4.008195017352648,90.89171080875107,51.16608507077664,67.51757048975462
21.48096329156928,7.938209833712397,56.01045276853042,88.15859858774263,75.05145937943382
14.72714981349765,1.9593842782039461,77.22445489804248,67.49121320427356,66.52126982856694
19.571626242353776,1.6762400356222789,50.28793302490608,68.97813232512131,64.92327694917688
18.36080073384681,7.55369880583243,66.22929149501351,48.00879834495663,60.2859380351626
27.23242429374769,5.459421845855786,68.32307674356989,44.836090825427476,59.38264009388071
3.2724986495608204,7.195621567849624,69.80863458046277,83.6763584184259,66.6570771772616
9.86696930858245,4.913446047433716,84.7733603344931,69.78766914131799,62.120513276003074
28.611521554143643,3.2176182991519613,69.42790506351729,66.21104215691076,66.20911755717489
26.927385948945656,8.371920859067798,72.43468113112652,83.7704937191438,79.45463870977865
14.758389077999961,8.194742910720812,61.87720654371637,85.93077393946658,70.02362492746538
19.363712738443027,7.252268237689841,68.662589581467,49.53449006016122,61.227209744221234
9.766673123471715,3.449306235069664,61.363481363157575,76.61350896865848,57.983121727665726
7.267392472265317,6.312076001821784,53.659796188422185,48.12124493666113,51.334657184303936
14.983555338319501,4.248765072460241,80.17242966906889,85.08250516174274,73.82702460757663
11.893862384729479,1.8242386599397074,83.41063992775082,79.41730937602837,68.69796968282037
18.342371131824418,9.255822179160186,80.97451730048073,97.39687726500748,84.73398437113897
4.176569835019576,2.2313676782706526,73.17470219002863,44.13748098138527,48.049274521503996
29.283054614652663,9.552136184387223,68.98928900896149,43.423283269075256,68.16988121917576
29.61390084542888,5.014051956621602,93.16668247859127,56.93122448159201,72.58563344192437
