student_id,attendance_percentage,past_exam_avg,assignment_completion_rate,study_hours_per_week,participation_score,performance_label
1001,74.9816047538945,81.88970284118471,59.25664644193098,13.938881058133015,3.355351153623154,Good
1002,98.02857225639664,72.16578198064722,77.0950473689179,13.021183185483812,3.2228091916479986,Good
1003,89.2797576724562,58.571656977179664,93.64729179382041,2.5897675135480207,9.15629122468933,Good
1004,83.94633936788146,88.82770118241692,86.61124432047805,9.848700035401595,3.245915798645555,Good
1005,66.24074561769746,81.08387035323275,90.32805739307248,10.744499232074713,3.447547535157679,Average
1006,66.2397808134481,49.75701636069348,82.93916833553587,11.172923960628712,7.8345843617616735,Average
1007,62.323344486727976,94.65563106963054,84.61382822589263,15.343964492228643,5.04765858205486,Good
1008,94.6470458309974,89.35223457539014,92.45978257826596,14.272858574718205,7.990395012596631,Excellent
1009,84.04460046972835,96.98799479751544,62.483400442959294,15.981817134249226,1.588295418079467,Good
1010,88.32290311184181,83.5431705033016,74.47124818215703,19.59231501546895,5.388140743060458,Average
1011,60.823379771832094,76.80491175614739,61.06047209098011,20.69867199047015,1.3025224016495436,Average
1012,98.79639408647978,65.09458217743713,99.38340039983234,18.516830753209373,1.5638788310981906,Good
1013,93.29770563201687,95.9637090012408,97.20296698433066,23.977045006963497,9.157937080099698,Excellent
1014,68.49356442713105,91.9638333700245,51.9713405684253,2.4193494015563175,2.2532083400583565,Average
1015,67.27299868828402,42.713120206371364,85.27875862578442,6.50289367072156,5.791786140476954,Average
1016,67.33618039413736,41.58201846983512,96.26241587078329,2.173946124497269,4.699860423406359,Average
1017,72.1696897183815,62.58780201268297,59.02876725636668,16.89191842555587,4.126089936329584,Average
1018,80.99025726528951,88.63319984690997,78.39726152763147,22.654702625849698,9.098500111185452,Excellent
1019,77.27780074568463,99.23656775889667,95.77441487940209,7.600092821254883,1.1964105709794055,Good
1020,71.64916560792167,49.02501346621169,51.69729892928994,23.321794530315053,6.9741071755803015,Average
1021,84.47411578889518,75.6478429211281,84.871013362342,3.3861499766598997,9.670549907921954,Good
1022,65.57975442608168,62.85345139786129,64.86745036862754,23.492028616526827,6.041513651156578,Good
1023,71.68578594140872,98.19486386887618,96.21980976882652,10.087321806511591,9.431402158297827,Excellent
1024,74.65447373174767,90.52713538814251,98.55291225826838,4.3326790543319795,1.470320913574214,Good
1025,78.24279936868143,90.29972228266827,97.2133244556717,13.17505046128549,4.769139871667452,Good
1026,91.40703845572054,68.12158958769822,73.71071083287319,7.905861057571682,3.3414201186584602,Good
1027,67.98695128633439,64.8891701402599,93.10213254946567,8.552076745124225,7.577388684826568,Average
1028,80.56937753654447,56.40442431584238,92.22746992675351,9.067669193304592,9.83167381447522,Good
1029,83.6965827544817,43.382529799055625,65.95502366216279,20.46959565015126,3.30877056199823,Average
1030,61.858016508799906,91.8833425753032,91.44577370753387,14.400709363530853,6.88757141326667,Good
1031,84.30179407605753,88.77406054780465,51.85038173577463,9.160077080588085,2.7828786948376614,Good
1032,66.82096494749166,99.98306039716783,79.81349392410266,16.03767701615112,6.087972291144489,Good
1033,62.60206371941118,99.79821022443431,61.50044186438515,18.471465507133452,5.175392380195026,Good
1034,97.95542149013333,73.32590233615764,56.02834428886394,8.270352016871277,9.748047966683833,Good
1035,98.62528132298237,86.13924491083063,53.84766008146046,11.511629335083084,6.476745454268199,Good
1036,92.33589392465845,96.68594379294568,84.81443879390699,4.803380146749793,4.145557348781369,Good
1037,72.18455076693482,90.97884344064468,66.9937481884033,6.166435039297648,2.0268620639914,Average
1038,63.90688456025536,54.84088610459186,86.23833857643808,17.665710641194604,2.361221458614411,Average
1039,87.36932106048627,67.03264811860561,53.26781703994712,6.17308199699942,3.0278523695611157,Average
1040,77.60609974958405,47.7495649090897,65.76451689153052,14.078757824342384,3.258699952062682,Average
1041,64.88152939379115,97.24306163552333,76.97456461876686,18.30806401961595,8.65554452057024,Good
1042,79.80707640445081,76.3704780670528,89.53615824194819,4.458169231179108,6.051005094542724,Good
1043,61.375540844608736,53.71856833020776,65.9376251466035,15.048181051464782,5.710518202369298,Average
1044,96.37281608315129,80.30204106435141,81.29456882185045,7.900944025131366,2.0329198468229572,Good
1045,70.35119926400068,77.08769442747375,94.29888741180935,24.147318130464335,8.741257240144915,Good
1046,86.50089137415928,61.48976308197043,80.79315940911523,13.12154987455827,7.5053287288763535,Average
1047,72.46844304357644,46.81345553197774,61.64797373768169,20.537828644828636,1.6090152571000143,Average
1048,80.80272084711243,80.29439173556798,51.220039077826904,14.65521046959402,7.370515875067918,Good
1049,81.86841117373119,71.2184620542276,93.50494369504649,2.998488255660841,5.8918439560838145,Average
1050,67.39417822102108,86.33910350413836,51.063470542519354,16.562481638662515,1.7355281117210044,Average
1051,98.78338511058234,71.2098100667196,93.73508363420997,23.88227687075311,5.124705773757908,Good
1052,91.00531293444459,91.1308900191124,76.4468567013606,15.837071863365617,5.362266584170423,Good
1053,97.57995766256757,73.11441032646914,96.95338492564481,20.841343766816173,2.4919708614694818,Good
1054,95.79309401710594,73.65627829212318,89.93916178868326,22.33674865701338,9.51128332300254,Excellent
1055,83.9159991524434,92.5992161595007,99.89670552666686,7.245834754825447,8.649778343325957,Good
1056,96.87496940092467,64.20897197274383,67.53559077258551,6.877031317889212,7.021201035961975,Average
1057,63.53970008207678,48.04091370703844,88.35941444655634,16.05256274357281,5.160660049005465,Average
1058,67.83931449676581,41.72696057880034,70.0965456804621,11.453654805554208,4.705889874260577,At Risk
1059,61.80909155642152,85.30823534041714,73.99378101519544,21.316809965934567,6.858761204358587,Good
1060,73.01321323053057,77.21857308120788,81.37527316091851,22.700531838154255,5.908886824662149,Good
1061,75.54709158757927,82.24478608595342,93.68385570931693,10.128691723962516,1.5604579529369706,Good
1062,70.85396127095584,52.777849690534644,99.20417345996475,7.448022856413087,5.612523838932985,Average
1063,93.14950036607718,48.18228853520618,88.41367069322591,19.952086850608822,8.257632555095554,Average
1064,74.27013306774357,40.87267994007291,70.8883391083667,8.32053881760713,5.133158898372622,Average
1065,71.23738038749524,61.03525352839582,71.06785011385351,20.920129325814603,1.4676091979884158,Good
1066,81.70784332632994,75.39506121127798,86.87911507944457,11.745979833921545,8.076503794456297,Good
1067,65.63696899899051,63.53464270598394,61.938857288415115,17.35364768370382,2.8122740392237695,Average
1068,92.08787923016159,66.24849532142375,55.52370565656973,4.197312218197368,3.327587513992349,Average
1069,62.98202574719083,94.2495216696249,67.73110788203883,16.348764467561182,2.482357180890663,Good
1070,99.47547746402068,60.89532802139802,64.36194958270409,12.39065661095627,3.971935583843478,Average
1071,90.8897907718663,70.83936934958865,64.81540602279951,15.491994653035905,7.810763551197716,Good
1072,67.9486272613669,87.01918076446859,61.680387552495496,5.864326778131859,5.674472735535436,Good
1073,60.220884684944096,63.79256693927621,52.104659481818096,18.948096133716188,2.843931467356413,Average
1074,92.61845713819336,77.32520201367241,50.89369673667069,21.844332783494256,8.900470703368367,Excellent
1075,88.27429375390469,91.74182252480472,99.38611948680158,6.98501540208784,8.916236694563763,Excellent
1076,89.1602867216395,96.97123741945853,71.38865668679311,4.20143477696372,8.835205825414063,Good
1077,90.85081386743784,48.82440885574228,69.21633235798409,2.543687479065737,3.1491659024338534,Average
1078,62.96178606936361,95.59525750968967,83.9823641346535,16.76534451019512,5.061154097628893,Average
1079,74.33862914177091,69.52697758477228,60.912694393253204,15.963162830041957,9.864906905267876,Average
1080,64.63476238100519,55.4946632979375,97.49805919751127,14.57404049242361,7.948112286789914,Average
1081,94.52413703502374,67.54814537429567,89.3172507207776,7.334783210667434,1.2445067910300383,Average
1082,84.93192507310232,98.80195451712862,54.47055011561297,10.990837905826837,1.5868413213444286,Good
1083,73.23592099410597,69.55708563957218,70.87903878924642,15.67295570928198,5.175382391310995,Average
1084,62.54233401144094,59.72509661725049,93.95591537810824,13.425637753760896,9.182981852754041,Good
1085,72.4392928686265,78.00405125900355,97.2366011145705,24.719066964942407,5.848316181574428,Good
1086,73.00733288106989,54.408737126691584,73.37007556249348,5.138114308804862,5.480312572308612,Average
1087,89.18424713352256,44.551799686519836,80.67056946053539,17.98832474309466,1.9492632996096753,Average
1088,85.50229885420853,47.73278331463895,58.35169730460376,11.299331666398718,6.911020942518647,Average
1089,95.48850970305307,47.682750337466345,99.55843130684883,11.84859114328914,8.39892844540203,Good
1090,78.88859700647797,49.11416161073766,61.58358506917217,18.504748610138055,4.423780067568061,Average
1091,64.78376983753206,48.32963035896461,97.13658870675629,17.9260314804605,7.980506658327947,Average
1092,88.5297914889198,78.45248468819287,82.48233244961843,24.79888785515033,9.680289885107305,Good
1093,90.4314019446759,50.91280506394869,80.38683974394296,4.953068657444881,2.833898132149202,Average
1094,82.45108790277985,60.740036999431794,75.63442555082543,4.394521935835826,5.709966680752672,Average
1095,90.83868719818244,93.80730459436072,61.53349058588793,18.659792793961046,3.58424162276118,Good
1096,79.75182385457563,68.43769841577235,58.82640160027542,15.30289909114741,8.135689771304554,Good
1097,80.90931317527976,80.05346431126162,61.02431045350877,8.305695330875535,6.198340292930418,Good
1098,77.10164073434198,50.33919227209779,59.32191310721272,3.826645486746692,6.711241757952734,Average
1099,61.01676506976381,51.53734112852025,88.97922367833766,3.970139740717902,8.181227436543047,Average
1100,64.31565707973218,42.45211697598873,67.5062629583365,22.56639011727472,4.563734253962094,Average
1101,61.25716742746937,50.136103784329876,52.89213382816982,6.412948468531087,9.23581061566339,Average
1102,85.45641645055122,56.71542034191752,98.45513150704056,9.437545928656977,5.797259805215259,Average
1103,72.57423924305307,50.62062905660481,94.18929424817128,7.2130972512207245,2.421593405518132,Average
1104,80.34282764658812,45.322152025423335,96.38761415976064,10.164915034134559,7.263092063519222,Average
1105,96.30265895704372,47.238152266036046,99.74539113232177,3.5967483831601474,8.13935215394429,Average
1106,69.971689165955,67.64672608196355,58.69476246097437,13.938375190890218,3.85085509360774,Average
1107,76.41531692142519,52.38002310434755,69.81210094513294,3.5550889626209425,8.714613312988778,Average
1108,90.22204554172194,61.85619166288453,87.91192378520456,20.408199679914315,9.155289292891897,Good
1109,69.15192661966489,70.20503625129142,84.8010309026896,7.37537788393996,3.4921403864002802,Average
1110,63.07919639315172,81.42368971776192,57.69479531699275,14.420274035903743,9.851693254436999,Good
1111,71.59005811655072,42.358728390465934,90.79165624953089,22.24181901391354,2.266403752438826,Average
1112,66.44885149016018,87.96462393454256,61.22202859183304,16.970179488085464,2.81814101562241,Good
1113,97.18790609370292,77.67402336945446,61.19088074113115,14.258029090680711,2.658023553142235,Good
1114,92.32481518257669,44.905541916932314,76.84872114467068,9.459676321653639,9.045907390070834,Average
1115,85.33615026041694,92.41471744640663,79.64699674208515,9.659044000338552,6.8886329709246565,Good
1116,94.85842360750871,95.25234403190879,79.00431039189056,17.398199969558373,2.3689385490004558,Excellent
1117,92.14688307596458,43.66467759129183,54.574341869887746,24.865205308086853,4.962910765315141,Average
1118,67.46280235544144,56.61265888883222,93.87304313151901,17.22230136653571,6.5376822256282185,Average
1119,95.70235993959912,88.37207678758368,63.2800021294353,14.829018599510572,1.7511767649044496,Good
1120,81.57368967662603,84.89558142301951,56.47574606414021,18.804961735502662,8.94174731566605,Good
1121,92.2976062065625,51.07126116138264,94.43740399344887,12.699729082525517,8.232431818973817,Average
1122,95.84365199693973,52.56095940020262,97.78257491148767,3.38327387981806,5.5468609621897444,Average
1123,72.72013899887456,62.22832616748292,93.10638086327253,14.932826765191926,9.704139537332534,Good
1124,64.40207698110707,69.07137911146128,90.4758037362439,24.025381543623745,4.759848813475897,Average
1125,69.11740650167766,77.09528629181776,82.7620990319511,6.031967674226172,9.85699287132848,Good
1126,77.08431154505026,62.134818374186345,77.54286853045696,17.870112488875314,7.011279989232643,Good
1127,92.72059063689971,67.75208296798887,54.34933799557051,6.621474839158299,6.712041459285473,Average
1128,94.42922333025373,84.8482562880254,70.42266065353493,14.32403674288087,2.493594057662065,Good
1129,60.27808522124763,42.20099217343587,68.6344258506157,4.2235583418745515,8.937349824741796,Average
1130,80.42989210310263,55.146216660641244,62.98768918801631,12.358531533938258,4.847407191285536,Average
1131,76.69644012595116,82.80097515307315,86.17100568442925,19.391756564590658,2.460100652042314,Good
1132,68.88431241882921,93.71241026123195,74.79378675393855,9.994145057496588,1.1134676797818313,Average
1133,64.79461469334731,70.70064652693996,54.0523107953824,17.292969663206016,6.037801152745443,Average
1134,73.50460685614512,71.92680911591894,61.009160097490565,20.295349098163772,5.746596599104087,Average
1135,97.71638815650077,46.430320680386565,84.16293818297979,23.32508984802741,7.474182601322427,Good
1136,72.92811728083021,66.84474200940727,53.80654297451501,7.396767882675432,9.01232247716022,Average
1137,80.75162486973464,71.9570359873014,92.56034570243844,11.184266063614087,1.7146592617872658,Average
1138,88.12075835580711,54.54823021808378,74.75732635069872,5.505568306599601,7.583468413063261,Average
1139,74.54518409517176,56.15459385696286,74.0293288663324,24.82712054964263,2.68670749687824,Average
1140,98.87128330883843,62.63704978627736,79.62038923297588,23.321022262258793,8.723593478414475,Good
1141,98.49789179768445,41.20427186666358,91.23404829625746,14.41901399645287,8.371571624754905,Average
1142,70.07129183301457,59.3247499349907,67.39046039510966,21.36676577065769,5.867143794869899,Good
1143,79.88994023569542,52.68688041979268,83.90080762795318,13.98203347725697,7.392185187609804,Average
1144,72.03513239267079,59.64984113067488,78.28659819978955,16.342470824063476,3.8291510186537354,Good
1145,71.3936197750987,47.18572790915508,63.35141350847107,4.049861938668382,5.240511090395332,Average
1146,61.47547789418131,93.4316368443937,93.9314993177579,19.371219671426584,8.394732079394245,Good
1147,84.38257335919587,75.61554721324292,89.8713010803464,4.937410123610401,5.133386774558925,Good
1148,80.10716092915446,80.74613914866939,82.92259173292128,20.999555495808153,4.220184387928976,Good
1149,62.05915004999957,87.3502743164403,92.52908645471209,19.986646016418877,5.447912025252699,Good
1150,71.14585856946445,69.90653193574343,93.36471004799012,18.301128048088458,8.454243271934965,Good
1151,96.33063543866615,45.21521728524542,85.41814883575174,2.8316887520695286,4.016872426337855,Average
1152,69.5824756266789,72.22639250911287,91.85066641818361,8.97195218674256,2.5638543382216943,Average
1153,65.79579488364892,75.21046708125274,84.87357308346418,8.051589107949386,7.408126182977027,Good
1154,79.57811041110253,84.7263684510598,84.00703858801502,10.283137371844939,8.433803914372735,Good
1155,99.42601816442402,65.89957277378076,80.93056891075922,4.015783175568286,1.9057373067118,Average
1156,69.68221086046002,47.65481816773382,87.63583197788206,23.550029929714444,3.1588670148035023,Average
1157,86.88542189623514,57.026554347923465,57.93025526465368,14.737451536384654,2.277747907848945,Average
1158,90.46478461314871,61.78493778391811,94.04353795994642,9.02705914513454,4.131472704239499,Average
1159,69.50550175969599,78.75503447989607,93.5921763872616,11.130574892708518,5.053158810148714,Good
1160,89.12865394447438,74.24669828013472,51.462364151727954,12.28565843161122,7.739437032669758,Good
1161,74.71132530877013,61.36580355387078,91.29083752823814,15.813669667294198,6.860328263935067,Good
1162,85.29223322374318,99.19091492757877,56.44349337367226,13.86062683701945,6.588357107305881,Good
1163,85.34118843043579,76.34648916141323,66.7559427129571,23.146015383931598,4.171374519486889,Good
1164,81.43098736299034,54.233607504159664,87.1754128145804,13.430160106834096,8.57302797776284,Good
1165,63.61159080217633,46.106948357224226,58.03799480241541,24.81963434093619,5.241584506583481,Average
1166,93.41209982356952,49.171548351059926,90.8983512059531,21.5827740281372,9.81194444213639,Good
1167,72.83120259886944,54.757463703070485,91.6067088978871,6.795741830218724,6.707279244661631,Average
1168,67.46074041599417,49.64088239557334,75.37338668804182,23.403689936810075,2.1363826740805245,Average
1169,61.63100566219056,51.19402144307834,50.31929358584168,4.67642715136595,7.085598058678906,Average
1170,83.63571772752968,57.10571012163082,64.35190665874563,20.801343295297407,3.925936138885291,Average
1171,87.1025744736913,50.40241571768529,80.84634591878711,10.754335749961342,7.1769447701748765,Good
1172,60.663513157114245,93.8059254775855,99.05930890137117,22.193409370236598,1.6267703334616517,Good
1173,80.48372233197124,44.81402473969853,81.59067635083342,21.96530387247136,2.5739329345836346,Average
1174,69.05983100791752,71.47068337421528,62.99017905320799,20.536284202705286,8.701635330152076,Average
1175,85.80691161637799,64.6238096193797,81.70028515498056,20.17070003506241,3.044616013211634,Good
1176,66.97465716019965,98.94271701451638,76.99926898579278,9.007620199254937,8.53337012718646,Good
1177,87.63750952409865,46.72233413008314,88.99226975755718,3.8611435101788,3.5134847960896938,Average
1178,75.46941385202149,63.871335942744494,55.34903194134792,11.268544111598713,6.785937190528369,Average
1179,97.46919954946938,98.16822599652212,88.05139512510141,5.9910638446897,7.247355161588479,Excellent
1180,65.50083776583973,91.93042755363882,77.06332893380551,17.98387504475662,5.613892778305477,Good
1181,73.64265404201034,89.02432425695679,98.14960019294973,9.960293710369069,3.7477960902705814,Good
1182,64.53894084962356,55.474169622696394,67.0936083019343,24.43903461977804,2.913799387339865,Average
1183,96.98774473114251,50.25325524340395,81.6310946566974,16.742357778942637,1.298704191061836,Average
1184,95.09357413523924,80.11859319546586,96.60140527550087,20.9170529635903,3.7355176111665145,Excellent
1185,70.31766510860622,95.76255934765516,55.12548639953396,5.048067473062513,6.878465114781547,Average
1186,86.39936184136715,73.40577358083578,96.86142436182256,21.826333092270318,9.444743366036343,Good
1187,92.68888800804864,74.29676136819398,84.39428611504067,23.22341538180807,8.840840340367468,Good
1188,82.2080324639785,56.79874561961705,53.39185295525859,13.202424132835526,7.8945829888177235,Average
1189,81.18602313424026,86.16957599151621,65.04817834734081,15.94381756827248,8.096026089279688,Good
1190,69.67409163601806,51.2226249134514,85.40860443226407,19.590625420768895,6.984864131283957,Good
1191,63.72411071223597,59.42075418425462,53.36753007343859,6.021288426989488,3.342581718094027,Average
1192,95.88863031813307,65.526186316985,79.10852300881366,13.559019758659176,9.16475527635247,Good
1193,96.01672228653322,70.4566227210673,67.29415284764784,11.169249638763201,7.036590807152506,Good
1194,85.32405829093072,54.544583944904815,81.04577588837385,5.36660181973173,6.04396567882396,Average
1195,73.56119164194803,46.89020948435221,52.28710169062564,10.453291712705223,1.9989052229213295,Average
1196,73.96838298450643,76.63720254649795,93.57684030761882,3.567963115866352,5.023499894257829,Average
1197,89.03822715480958,57.31783319441534,98.67444845886985,2.5936738598382005,5.143224440817336,Good
1198,95.88441039810309,74.87429328535674,98.44389276428458,5.108824650560924,8.78107248570403,Good
1199,95.48345697060469,49.26176291645214,87.48259158714623,24.151647566551,5.919833981690096,Good
1200,91.19502183430495,68.86840611128905,56.5043120065316,14.63917932558539,4.423604940733687,Good
1201,85.68126584617151,71.95536595309515,87.91315979645113,24.21390970652406,9.791202956595933,Excellent
1202,63.365598599801956,43.109412209345614,51.229345822940076,11.947451201593035,1.9964853399368412,Average
1203,66.46514856378455,60.196256691635234,51.106177576449866,9.171771060960971,4.802935854807501,Average
1204,95.94216754108317,48.064880616338456,66.18051095747705,13.641262845325613,1.3782220765426476,Average
1205,84.2571623863836,43.80249822836606,74.43215952023328,12.108768838556934,7.659137086902373,Average
1206,60.36788206466519,99.39761394339672,88.52037089038966,4.43028773802011,9.262688969792356,Good
1207,64.05886171464128,59.34123069848338,84.16476883032526,16.739005237874743,3.5203359659544047,Average
1208,86.54007076432222,88.5924667512781,72.29513531883742,6.968878197720791,8.725075091192089,Good
1209,60.20246335384875,55.27843928582583,63.68133331408329,16.25052296265008,3.62996407415708,Average
1210,66.43232205669995,80.89016333343577,99.85622500788556,16.954625125157527,9.196931454795237,Good
1211,81.94935157466344,85.61367159338118,71.30906511179865,5.496571621958907,7.785657132371055,Good
1212,87.67580790770774,75.73832443647066,72.56935121648377,3.4110414235453677,8.244160991572947,Good
1213,86.07845038010402,68.2945713130095,58.181191059583455,19.957516479574117,1.1620590004040905,Average
1214,68.9707723784224,64.71045484883611,89.74047743749647,12.575409746694364,9.665293213666233,Good
1215,88.48716885390144,60.93209599257972,84.68411128907442,3.3377672966259433,7.540038928632909,Average
1216,69.489963499872,95.77174865486955,61.03848063943802,24.881925294904644,3.7427598584751998,Good
1217,73.01598792637071,89.83716446726375,54.11905228079213,3.3289529029164324,8.464551983729622,Good
1218,89.85965620472096,97.90161463999075,84.02496510373565,17.98581026374672,3.5336907857343696,Good
1219,85.98531596188859,47.45783340913268,82.72556071405677,24.624615281058514,8.85478455609515,Good
1220,93.96893641976712,83.85204851221866,63.662976349910466,7.501142396966289,2.013223513707433,Good
1221,86.30451569201374,96.30042740926227,97.54317811252051,5.271735479805512,7.333173797147162,Good
1222,82.73234413341886,50.87398396993961,57.55289458904501,4.791853606715865,5.866286289804193,Average
1223,63.7469907131237,43.98977604200665,71.6167400521301,8.975328394054698,1.8688102317589674,At Risk
1224,74.70863212237734,84.46723895740354,97.18079600837994,4.324053653244874,3.177044454329551,Good
1225,70.60809470726902,74.46838679079471,70.98636584630611,17.919710858965033,1.111636326495833,Average
1226,69.75958573516334,90.50972660549633,81.92629738320429,3.432711356991442,5.218911689180553,Good
1227,98.92042219009782,48.38634259757737,69.87971989813971,13.716708947445163,3.711387346840003,Average
1228,75.72390898667041,87.71603871159341,63.7107601174335,24.924027638618465,6.38521735867983,Good
1229,95.68186220708454,52.09763920286467,99.19888239799141,20.721316198638434,3.675140269377555,Average
1230,85.24554503989052,49.81935657194227,70.46670031575215,16.15004707931325,3.699272003562862,Average
1231,91.79245214166593,49.85594787585958,94.70496018395673,9.04383327809207,7.6887387885844305,Good
1232,80.10548372420769,88.87448321388293,61.49773029455431,16.349604234707684,1.4332855238051811,Average
1233,83.07615538505436,79.911833241772,60.655235201254165,14.121953669967988,9.126054956727884,Good
1234,79.70070775275455,71.38392548614716,51.55670414422557,11.799917829478543,8.670374869520632,Average
1235,67.80971951192178,61.529829047410146,82.58334126879424,5.006338665024588,7.0102421490376585,Average
1236,88.89808461046022,92.6320324487865,68.42631718618806,22.391896950530736,6.338994130966459,Good
1237,71.23089449763424,63.546706445358126,93.21791249198185,12.345046922890418,9.03072248325687,Average
1238,60.97263865725815,88.99596636829463,73.66049533457786,6.476317771877596,2.66797161575843,Average
1239,85.81889183628671,66.3480945142131,98.40967139573608,10.458465070177661,1.7107224597174575,Good
1240,67.08442717628196,62.61666576549445,59.27627578515606,11.524984308165322,3.155591529185843,Average
1241,97.61834337411656,67.76078714017639,93.43115839778054,21.03337159803811,8.151204508301714,Excellent
1242,98.1571430801035,58.08267244984852,88.82984263958708,18.873130752912246,1.31203240053835,Average
1243,96.59457560881793,84.85656281057507,88.5460922322026,19.694012553750817,6.245261515751407,Good
1244,74.80634801021777,70.16322340554875,92.23916140584438,2.253719081858886,9.95893764572179,Good
1245,60.6182646611547,53.93276170880904,88.05119954714993,11.571541958134514,8.701264844537855,Average
1246,97.13274250350901,93.97447439647411,81.31101608157077,13.070915487612444,5.693011201392305,Excellent
1247,77.12736593269257,63.033473282392684,56.56224388411938,2.4414223669303037,1.572768183579781,Average
1248,98.66619276174679,72.61317166683932,51.6263089745626,7.975703801135787,8.482361629471388,Good
1249,98.54479908357011,94.38832665787282,96.04239239078434,19.486665931809107,6.390806573594895,Excellent
1250,94.12037821869441,77.45427975483952,80.8325157260369,5.153523231766979,2.0343969735361016,Good
1251,71.77795568278343,47.013882442501846,89.82686454880881,14.312133023409608,1.844715563410206,Average
1252,75.403909144077,96.3899274168085,74.0761175756275,6.949643056396463,9.186641374929332,Good
1253,94.04546686067428,77.66248318428507,55.86540944811972,2.278777816809545,7.022802366442706,Average
1254,72.6768802062511,60.09433687942517,56.259289610127524,7.547633524789454,8.4635811938508,Average
1255,66.7797098674437,48.35632435980324,84.27826436144858,24.44509636293124,8.910810102540406,Average
1256,82.27205049833401,87.64151135621776,71.51529474497313,20.43535357330876,6.1459511684349,Good
1257,97.44619096643123,77.20436535571082,60.02623633501683,24.070262819383768,5.657017165795372,Excellent
1258,87.84119186699891,72.0076655185793,74.57972733707184,13.220643010306336,4.873846692888912,Good
1259,82.8024468035746,93.63355498305745,53.21044685375671,4.5239325695825805,3.8525192901200738,Average
1260,63.887059750830744,87.31583267347185,79.09857009571994,14.603068246394939,4.911363647728406,Average
1261,84.6002890679668,49.100492783965066,63.449670221754886,12.4506786948791,7.964916901571407,Average
1262,99.60215400417053,58.70332406773289,89.87795503185941,21.420212903011166,6.417310879136184,Good
1263,65.60336060946096,54.90934838886794,65.51809794617868,4.255899358037626,9.032709609593615,Average
1264,80.73318609454947,84.63677755436062,72.76100745409006,13.229546151500898,4.99042012941269,Good
1265,95.09492287711822,42.011946084146764,50.58102699540503,5.451119287961638,6.463806208468786,Average
1266,89.63074471016817,74.193381092279,53.62234438972794,9.46754631847138,6.681767977827898,Average
1267,87.88062963981072,85.74752114444144,69.62467782033424,18.95921277991939,6.32527446075693,Good
1268,88.09936335948437,92.60593820570497,73.99694173585618,12.94841697548163,7.323703957769647,Excellent
1269,74.3796460487902,60.52490492295445,80.00102740596519,10.645430558352695,3.1369012153732565,Average
1270,71.74367377057973,89.27543828032077,64.58312893546517,11.072954407110812,5.611273997912116,Good
1271,92.37444621914054,46.63790421731243,84.74909430632712,12.567275673337694,1.938023225275129,Average
1272,92.40453578716723,90.7871375040711,93.00611985946023,20.05538050825231,4.460601948803313,Excellent
1273,94.68289274320415,47.649319739918944,88.99254944466749,22.51794784562539,5.38900361759138,Average
1274,96.52962210225886,63.837237433622036,51.980941267417855,23.97269778959035,6.870018335909252,Good
1275,80.4536959544375,87.83772194677321,74.02534736289145,20.098777883871787,9.55477947327583,Good
1276,80.06065178748798,48.99504564092643,55.246508920908745,9.254358602204292,6.405859598935203,Average
1277,91.931807158671,53.75508371395849,62.10225079312637,17.82709823999047,7.692345245589038,Average
1278,85.99855723111061,83.33515410358397,99.33312966335733,12.064871853274013,5.556394535456825,Good
1279,88.07867509030814,83.20219219276447,57.12477714507566,7.857424307059177,6.706936282386982,Good
1280,91.83170677744404,78.46885797311784,74.9444076725678,21.34004632679622,1.638389945203961,Good
1281,95.60021367270265,81.636906668026,80.90778671590596,2.883806026133475,3.289524227576623,Good
1282,73.51980627406144,72.56346660085578,85.12324852720519,22.74052581911474,4.256677838846248,Average
1283,75.02331810559775,55.10794353441717,77.98243417434571,12.613981686368886,5.252440195058622,Good
1284,63.75927759363476,60.741759610235164,50.48854237095918,16.65563396659045,1.4108387095214536,Average
1285,83.13120563984697,50.89586300808554,66.3230654121996,17.165140210733,2.2602168779798593,Average
1286,61.43769095186968,94.5070336800177,75.88558216923558,22.587708036250337,3.491328770121752,Good
1287,78.6239207252984,75.00350768596724,54.39332495724167,16.643402689845768,9.743794218109455,Good
1288,81.70578538830307,64.0510850058184,67.53134656045904,16.12047244948142,3.9821230639274567,Good
1289,71.46165008513138,67.72034821864796,51.66015543956833,3.5329969328958692,5.338369523008743,Average
1290,83.63333042276042,96.83700037670891,53.928924857751035,13.923384504739694,2.764879414645536,Good
1291,61.220009997561974,49.20108418696481,69.8461638100798,5.453887018791958,6.497020639681915,At Risk
1292,61.493927549968575,75.17378992100782,56.63578770215302,18.960976680594168,3.5261489396437686,Average
1293,92.90402242638633,70.35332073306796,78.3770424130779,13.781104178691512,2.8629332059458408,Average
1294,74.40762565645052,76.68725412607887,84.47324845686329,17.645238921792128,5.649153656013811,Good
1295,65.0824205060754,41.08661102925043,90.02933495545415,2.958476713854838,1.0495521924437874,Average
1296,80.88973040219217,92.3274345366491,60.007512212240506,3.950216369053474,1.0689762938430278,Average
1297,90.79974212394444,95.92709694901674,58.37412911295349,18.475437925441692,2.9716192819167198,Average
1298,68.63284109987373,73.90799101535254,55.228392016720015,3.657939727969487,1.3304922625073903,Average
1299,84.91561903276,81.79904943261354,81.82151247718184,3.6389047386009477,1.9722317871762223,Good
1300,63.41389859975072,95.34996287063774,85.32378632434506,2.2784949304024114,4.049745844048765,Good
1301,62.067268846744305,82.43431805880391,51.5793072412821,23.99953216088804,8.223271116218315,Good
1302,81.25418526272591,49.15234257485568,96.81061231218449,18.96269226755716,6.148437790323707,Average
1303,81.62540486440426,74.57730161000879,52.59856418257362,10.124782395547475,5.614009533607748,Good
1304,85.49719605992826,76.40290278297135,77.06481676505352,8.820318369616071,3.6413994088730948,Good
1305,89.04365334890646,65.44784027814316,85.45302597254582,10.04317428415454,9.385783474895348,Average
1306,99.03408317850139,84.18665413748337,93.54845618730428,19.817031217167184,4.573135371134725,Excellent
1307,80.65201393204781,96.06202088614089,85.70434660662139,17.21152405461953,1.7838349011619434,Good
1308,72.91825891764984,95.53411077440657,90.08640415348958,6.2594980609517625,6.5535986450602115,Good
1309,91.80744779074814,67.05036228424792,66.97250962714031,6.00451471268394,2.0245455412894127,Average
1310,70.83329005048297,46.79428275044532,90.7412556873256,4.263099943408138,4.107008285215229,Average
1311,77.55885682822544,99.09047193774008,54.00574231923376,17.186962553130776,5.56670744846028,Good
1312,63.13825525369064,90.33388518675605,94.74083280302638,19.580571231099928,8.868002722166583,Good
1313,61.0140297366183,47.47976087219601,77.37961880768681,8.096067851475093,5.441919223061068,Average
1314,98.505936587117,95.25051295704233,90.86488849812469,2.481734103710995,7.3203288942849785,Good
1315,93.43920482048824,92.1937817237277,72.615914225915,3.889948351957829,9.935351550991633,Excellent
1316,87.83896824374793,71.13028342756432,82.17888475982625,24.2607808014357,2.1834020790818345,Good
1317,76.3581177765708,75.47652614469575,76.32013304680567,8.795229881980667,3.4725837296756756,Good
1318,66.93177280283383,63.94016223220781,86.5794760877666,19.692132400277075,4.551184680378817,Average
1319,66.25748170684344,43.28569832932188,54.08149910152948,16.367262083648065,4.796453606849482,At Risk
1320,70.00971592658381,60.11183449875406,53.01760419952819,10.784611712016606,4.699189677389912,Average
1321,81.96906658824481,88.17120691588069,62.355161700507324,6.730807030497767,9.168499023008994,Good
1322,88.5838369080025,40.27792138027617,57.97723400565942,4.791887617666347,7.426293800201708,Average
1323,86.40789506870925,60.00995030146865,93.58917832961009,16.14529826489393,6.471146926816334,Good
1324,71.19735587783771,63.8901216154566,60.960699367902215,19.816576954669124,3.784354460765039,Average
1325,98.19461122652777,72.24373617627538,98.79326279095656,16.809797831446005,8.414113457991652,Excellent
1326,89.51587666783074,95.19133698476563,66.84478958855534,14.19694906473064,9.5955446033649,Good
1327,82.17416210045603,60.780759661957674,59.10589578443496,2.964878138927634,8.390784542952039,Average
1328,84.46882984937409,60.81719211377366,89.48492535712396,24.275241884670827,1.0140859467232561,Good
1329,76.7840024971116,84.25007488658491,82.9353887750438,20.370426408055216,6.727612331650663,Excellent
1330,69.9092395800463,67.13307645338843,74.90978582265694,8.73490684412219,1.4602184329789065,Average
1331,74.23890714605047,53.47628937639892,77.76817754688156,24.539317575253566,3.318464983003497,Average
1332,90.31384441857476,67.1463709679616,85.96008891361319,15.843276561635408,1.5357223031299452,Average
1333,60.57573954519023,48.45142122278799,61.422737066564935,15.39572113876667,6.43415907654449,Average
1334,64.64290562027665,50.5832191903734,99.8166958028371,19.20568312687924,7.179309221433461,Average
1335,61.84010568087011,69.90206636436878,98.73965810733915,20.670705126073162,2.030388742593146,Average
1336,61.62915209275881,65.13552697027288,82.51628431734684,17.099007968624562,4.454549947404815,Good
1337,94.21842336044028,94.890754064086,59.97712254645725,4.946202166422601,5.106128580599878,Good
1338,88.14631437520094,61.74363394699799,84.01141212156458,9.780152637873464,4.321477195848249,Average
1339,78.966953163493,74.8353010166826,53.60992044895879,23.345923727499144,2.0892250043667375,Good
1340,63.91336642604006,77.93585727517183,51.532625110290304,7.166159072408594,4.770530111687279,Average
1341,79.6646350046733,40.78566739530002,62.884144425560685,10.559841548262806,7.760602430275763,Average
1342,78.93887083122263,79.81224232100263,73.13114783696582,11.937768307716508,1.639068980799299,Good
1343,66.92807479640061,50.682158012185084,93.41362527041903,12.106314762972401,1.7216201267371312,Average
1344,77.35406596951893,97.66421904816731,86.3584534883154,16.097610397374087,4.192941626523858,Excellent
1345,75.94018937589493,48.91976366518678,87.13532605999904,23.690744268128274,9.475531404570326,Good
1346,84.63400392208865,64.87744742362142,71.27466672240377,7.535932372147614,7.017153820506227,Average
1347,85.40374603470575,45.12098008471863,67.29674962734815,4.794531654921116,7.108029610053083,Average
1348,61.81216039088178,99.81245511075684,68.55193814923014,6.541821266778558,4.257279917540785,Good
1349,74.98450458505884,70.13170061987455,99.3824781868029,22.3992727048132,6.342947120876846,Good
1350,85.03439662856945,75.72310103920262,52.005459570624126,16.853648691069736,1.0911806562496904,Good
1351,80.12545034320351,44.02458864330565,93.35157480612243,8.575856152500684,6.72486441768588,Average
1352,94.25959364753288,84.99762822395067,78.93377042861967,20.766779596278198,9.21958252818613,Excellent
1353,86.3477452647578,52.594335585735145,71.93077095947953,21.81150991635903,6.513161215103373,Good
1354,66.51737708325719,93.88325736644282,86.26288302075682,21.469829789876396,8.863287341197106,Good
1355,62.82274989601719,52.308378428920435,74.33344707123514,23.135310273709752,7.515757499194844,Average
1356,85.69677112825262,51.441263239819996,93.67116190408302,7.801543463987317,2.085025747633212,Average
1357,61.06045242166487,42.192980070885696,95.03509320056293,19.3659643611644,9.122079765572575,Average
1358,83.43102325093852,68.32401670659996,71.08604634367276,12.59240843730522,1.597994599201974,Average
1359,97.6092096569983,73.89046799575698,63.841389861752575,21.365966716471416,5.805707252929874,Good
1360,83.01896711503517,43.94251836570114,79.61751642966811,18.755285574717103,2.279234114141119,Average
1361,75.52679704826087,86.53165700170064,95.61816728083454,19.858291269493666,1.1053594965781366,Good
1362,85.73152873769413,67.19733008488166,60.53310945028333,17.091722266664647,4.798308341148751,Good
1363,78.33011561966066,71.4634161596548,81.14832917817414,6.080861697803258,3.6553663688874063,Average
1364,81.8246715726374,66.44576481629369,81.57801100462603,14.53561913462958,5.374004444178427,Good
1365,97.658592351061,64.04578365251956,86.65565112076405,24.64740400906369,6.194798980610957,Good
1366,75.44410551203097,73.57841987849307,56.57838425636299,23.559925529433734,1.393651650780526,Average
1367,98.44762255295657,49.31441475584275,85.79124823410443,2.9929959233312684,2.1070296561137107,Average
1368,96.21402567824255,50.91568782971627,95.45162603328205,5.790740761777053,6.027781568053828,Good
1369,67.83164539157185,91.70713726081104,58.984155443512094,5.029761789454923,4.088506178553924,Average
1370,62.77445203500662,96.76692772801796,61.87716624619388,18.697537929661795,7.562561387945032,Good
1371,64.03112005509706,62.398558976785175,98.56975470208198,20.809062586709736,6.8706248373274565,Average
1372,60.72887302606199,56.244680388613226,59.04884763547449,6.910761425145454,8.610439266909161,Average
1373,63.77771843023714,78.63997259434095,92.71925466847895,13.634611937892068,7.2324354400230275,Good
1374,87.32027093665428,64.52405026588579,74.61389282240174,21.336169644257602,4.869379696511333,Good
1375,62.84754593840916,41.52318133962069,62.36155372015885,18.854435529623764,7.056699601549892,Average
1376,72.75902521175045,49.36915584197142,93.53749506362557,14.471455726312511,3.4784305682987666,Average
1377,93.79501243877817,82.95833373084386,72.26526275013327,15.577996880551776,3.756821489003914,Good
1378,60.93087742943303,79.53543651460907,75.74086769648451,13.69229257907444,8.10086643928714,Average
1379,92.57873930355743,41.62575955020901,67.96166846998828,8.843614380332873,5.01777564761424,Average
1380,71.27419099093599,53.318329715976965,79.64754257174637,14.99550583575737,8.185423064665173,Average
1381,64.72659310486625,53.86448779528428,58.17619362925114,17.844361947152088,8.401801363014506,Average
1382,87.86948661456603,80.3135646159237,69.55407683258804,22.086427064798578,8.718061038951554,Good
1383,85.15771387119536,41.18263226526185,98.47061611676438,16.634701141522704,9.249717122570866,Average
1384,95.09888054108211,46.24651491907443,62.90667163505638,19.505795351992635,4.878866984619666,Good
1385,89.40284175215544,87.99496512239136,82.8368332270646,5.681647603955179,3.8698013648902494,Good
1386,92.13923721539393,50.71267972326002,66.25950321123474,12.615821911655168,6.2397887193470245,Average
1387,71.28138290285226,79.16476647111247,88.67365628433004,2.214627256023146,4.340551810938648,Good
1388,67.09758175118891,54.29096686280359,56.54368303591749,7.673613883997329,6.4096675012020965,Average
1389,90.02459006563433,45.96648356556071,98.49105225392724,18.708619447599112,7.350272763794422,Good
1390,92.27338957069057,54.590331459967246,72.68947706918196,24.81162888103536,7.195645166429232,Good
1391,99.62020568002694,83.33601591133956,61.8025231673232,4.281096290505966,4.370975983181092,Good
1392,76.50470707645707,91.34178808637714,53.67483736650063,11.23436926480963,2.501741815288775,Average
1393,74.88072343171133,89.8131918740195,58.48789525437704,20.40163228008067,4.874764046159868,Good
1394,91.05651842967987,63.83101177710729,75.98869742780089,6.692819596464673,2.283347296737179,Average
1395,73.63214161012071,80.08510819423877,66.85015882156432,14.766953833952584,9.010873316654274,Good
1396,97.23029302414258,52.29905772494926,91.44416829413046,18.86063980868252,4.112897146640717,Good
1397,94.33651007372048,57.588863815660794,71.5443761830903,16.16766535598412,2.390137725009914,Average
1398,77.15976109500073,93.78014911126718,62.435713629381496,6.324568896154571,1.229029839151758,Good
1399,90.03484271165989,40.780115410644164,80.8572493302015,10.173845079772006,6.8124014765783585,Average
1400,90.1817149633873,45.13051185126808,85.33886084427229,20.027211043164137,6.732120857092689,Average
1401,64.12495475343731,52.47317530876164,58.35209539504749,14.747209825036382,4.065437499231625,Average
1402,96.10211626718267,41.59193223242918,58.380960814415886,2.120281111486993,1.6454069996288592,Average
1403,80.21009489791429,50.88612610538784,51.83357134667715,19.50278748064616,4.686660054057088,Average
1404,93.05829864430967,74.98249365818154,86.82010075328202,2.8121611636254986,3.800957455570542,Good
1405,72.80198404122447,65.28547303554987,83.19022638109026,19.15187700281834,7.094085757615084,Average
1406,95.82092913984802,93.56030266461849,73.7315437874907,6.657052883800461,6.452013245074213,Good
1407,75.56806714936653,89.04661370430645,92.20852244845986,24.035690042745745,4.28134355377786,Good
1408,60.433506059211936,60.509041101872555,90.28350764750266,10.462637279947943,2.961032988294911,Average
1409,96.21527905677056,55.56540600587755,79.2677182198376,9.519427175775819,9.892323695400327,Good
1410,63.65146707144534,62.78154449003601,93.41356402566294,5.424425157646228,5.086014590765034,Average
1411,72.7725455036166,75.41769655088846,60.292060501838414,9.028896956274941,7.194468122022133,Average
1412,98.0024786820322,56.08381844937257,55.5959809698864,22.162967522048614,2.264976708205247,Good
1413,98.02428587750225,77.44893447094805,63.48748057584948,24.915689765426688,5.37030729693458,Excellent
1414,82.93751552493144,64.56469913147443,52.854342804465745,10.471119201657512,1.2478304788251893,Average
1415,85.27348848679196,73.1228308511188,76.5584764000516,12.31804451195448,5.549096061194049,Good
1416,77.93782087913279,66.16759174811901,96.83028461474808,18.607631578662954,9.67615666405932,Good
1417,71.72843086792258,57.66794557251506,51.967177033425486,22.382502950696715,4.457860416872202,Average
1418,73.14658181479663,96.9071984177294,56.105495700501336,15.640019686296036,1.3509641131742043,Good
1419,86.90073824308153,85.81634764958565,72.60995141417176,11.005091058090075,1.2786021182740916,Average
1420,90.09498117750721,48.40679054598715,96.69375087639524,11.490302339518346,4.4918808395218255,Average
1421,91.66316174903395,92.10807855387478,65.80780524883752,17.99921736942656,2.4402244281687464,Good
1422,91.58472571178216,69.24587189497082,75.36174043441963,2.0740200628984096,1.2101688669536732,Average
1423,63.64824412194761,93.67313361364549,52.0786429525196,16.250554761576335,7.805922525551591,Good
1424,79.77681218810326,87.99131535683891,57.41716004810444,10.17633924015122,5.126707079937016,Average
1425,62.30235040066577,65.512810268154,99.33150614794235,20.266538619372938,3.603202947753891,Average
1426,81.98115529294942,41.348158499207045,98.25593482180227,4.13878471593204,9.100748647148327,Average
1427,77.66122005493509,56.12064156309677,50.24699904672048,15.528652139812982,2.0452506418047305,Average
1428,95.508167310332,72.49805287965202,97.59058927116195,13.062376467380846,9.603269460597874,Excellent
1429,74.03660050208315,78.00869318956885,81.95599689077503,16.77348709582023,3.8257004563961754,Average
1430,64.68268065710423,55.47326112599214,93.39591472600111,3.491632673108272,8.995633050778132,Average
1431,65.71966728211343,48.36136444436945,72.73699278169295,15.339627110847019,6.426485888315154,Average
1432,90.46042526869888,90.09581420795794,75.77980142896251,14.914145523069045,8.440366237673388,Good
1433,84.72872253265044,99.06413084221313,74.44232901284602,14.895182171571932,9.856118468894179,Excellent
1434,64.04490704491161,71.54141093816115,83.34321287730522,15.880216331718461,3.5956489403687115,Average
1435,63.364272244599896,50.30075715089821,56.98256273781564,17.558762556206332,9.650219368668337,Average
1436,88.0387652583648,56.338439591162135,51.4986794936339,20.514746992657706,4.505337054121783,Average
1437,62.91052025456774,41.103440592848,65.39649707955954,8.20587656294893,4.4696071426323005,Average
1438,92.87440237161425,94.85792839362995,85.23403813683234,20.976136434141427,4.063483938290551,Excellent
1439,88.24968908625985,47.06506497340847,60.09267260614742,13.459880692059434,5.872668466128267,Average
1440,63.25395122567599,74.59098853085521,83.67162166624587,3.7723404200896167,2.387305388606384,Average
1441,63.39350856340768,56.44331324123236,98.49560230536352,3.346671372611522,5.983403368222101,Average
1442,99.46558314004702,73.2506801509476,54.69503578947092,9.687481330009398,5.875343311690036,Good
1443,74.9708318302448,79.08522330111185,83.63010591125632,20.052630473563752,7.85711631344383,Excellent
1444,74.82568588267563,89.7845082224321,72.18751096522855,18.27666149904106,8.50284965743827,Excellent
1445,92.5119826903001,52.3852763056362,93.40711271887527,20.138144187465347,4.963972152811817,Average
1446,97.88994309535434,40.65974971950883,58.857489472369295,13.897188298157015,3.7209992441634436,Average
1447,99.44004255291483,48.213137804128436,84.63129761130823,12.124576952976282,3.33401407585385,Good
1448,90.13512741035767,94.0011185108863,91.90576448240552,5.3914081142445305,2.7516145303438475,Good
1449,75.05038342123663,92.43340465375091,97.23071097370116,9.548433333014167,1.5188282397912238,Good
1450,63.340028667946754,75.8447861302185,84.16240141448229,11.982445421999131,4.08203180951242,Good
1451,91.08587663709747,76.0310116260192,74.85873820042136,4.037809882631196,3.4322292291770493,Average
1452,82.3361699894322,79.90220047277532,80.8923620100607,7.074074912357859,9.697756472797666,Good
1453,76.96888036987906,50.522276717406974,93.44524922393592,15.759181763465993,6.019379436250396,Good
1454,96.25417540378945,94.8647167554976,78.53048733194149,18.920251627501365,4.125493351274568,Excellent
1455,64.44789929224605,65.12623149352439,51.519352984841845,24.96199276203784,6.224208408943264,Average
1456,79.70500417163436,62.98831169496985,96.54743477534889,23.461606620901826,2.2527703121112594,Good
1457,60.454145790696764,71.13506231697025,84.47633755157806,16.778999589309407,4.996393742819826,Average
1458,78.74642567976505,42.817958006503304,83.82566928886233,11.688705225763655,6.636108892789575,Average
1459,62.25213102727349,49.97700212536476,60.78375761988586,16.632079388289352,5.400080486132063,Average
1460,64.75271665072287,84.28201698558223,82.94427351163286,20.069987215845337,4.616009205888918,Good
1461,64.7010498710842,44.967920075507585,69.69322028270793,4.721732391237908,9.944635500097284,Average
1462,85.96841208464255,76.1891265679833,82.5616488520746,11.427812463014629,8.922832859340343,Good
1463,89.84179517061693,54.72094658087926,55.32965151539953,21.315452569619197,6.610653623434961,Average
1464,83.33475060388639,63.35773684251859,82.89226523015179,10.828157894460013,6.124396250640545,Good
1465,98.48690193898167,57.32162420624199,99.97068628853333,15.15306223822529,6.585944318421257,Good
1466,74.99482318094816,61.34036298789695,52.4106019430278,15.51869529983056,2.8118089704018994,Average
1467,71.42848345127443,83.14275431105473,98.85870921106587,6.242953822073705,4.5562396893788675,Good
1468,94.7439651275784,57.8273029373905,70.34539803614354,10.331415158002633,1.3551357960180939,Average
1469,68.9438335407781,73.98427841781384,93.53767251686295,9.693759641064439,5.27991433738144,Good
1470,98.52890157762445,68.56302413194598,89.11927420291367,2.6025242962374904,5.887221255618969,Average
1471,60.48617898759265,79.8202699217589,78.3508130493334,2.5564105695011707,3.0497476249288864,Average
1472,98.79515306830555,96.20978435948548,86.92246046256633,21.12903200454279,9.676259624489624,Excellent
1473,61.72639647802305,83.95432583261501,93.92577806506739,8.280628629374686,9.185091498435177,Good
1474,95.64572454792284,52.896422715445404,70.20701608255165,13.915811623492756,7.499289119103153,Average
1475,81.108044363452,41.87098810367708,66.35165807816193,8.870688192541781,5.800479658888263,Average
1476,99.71859184477202,55.73584265798951,83.37966927817924,23.635622637652833,8.829722436829165,Good
1477,62.95186258941595,75.70467584201529,90.39229709706294,7.963825453912796,2.1758710944111663,Average
1478,82.15417137605283,43.08554880905502,88.11425673883079,11.882106692995507,8.114588148473965,Average
1479,98.77210142476396,69.78197483207418,89.89068244293173,22.07279576114584,2.1233873257016347,Excellent
1480,80.92391376680595,75.81057093501335,71.77916574064665,21.3644720362116,8.147895962944649,Good
1481,85.1759455254105,60.05463344901765,90.89171080875107,6.280332610464378,3.481908114262213,Average
1482,87.82994755938469,86.25473222474932,56.01045276853042,20.46079612530134,8.8938152291637,Good
1483,78.18164259071094,46.39589518802631,77.22445489804248,12.53829839497153,9.49637884442858,Average
1484,85.10232320336254,44.50826690414853,50.28793302490608,13.10828405796317,2.3391637246460406,Average
1485,83.372572476924,83.6913253722162,66.22929149501351,5.070039365566707,5.164080445588541,Good
1486,96.04632041963956,69.72947897237191,68.32307674356989,3.853834816413867,9.828886403464166,Good
1487,61.81785521365831,81.30414378566417,69.80863458046277,18.742604060396598,5.35066692375832,Average
1488,71.2385275836892,66.08964031622477,84.7733603344931,13.418606504171894,8.771927702630906,Average
1489,98.01645936306235,54.78412199434641,69.42790506351729,12.04756616014913,6.298583699181878,Average
1490,95.61055135563666,89.14613906045199,72.43468113112652,18.778689259005123,4.377969171276417,Good
1491,78.22627011142852,87.96495273813875,61.87720654371637,19.606796676795526,3.5720519997328317,Good
1492,84.80530391206148,81.6817882512656,68.662589581467,5.654887856395132,2.8290078197747857,Average
1493,71.0952473192453,56.32870823379776,61.363481363157575,16.03517843798575,7.856183722399275,Average
1494,67.52484638895045,75.41384001214523,53.659796188422185,5.113143892386767,4.478864561407251,Average
1495,78.54793619759928,61.65843381640161,80.17242966906889,19.28162697866805,5.60147915980676,Average
1496,74.13408912104211,45.49492439959805,83.41063992775082,17.10996859414421,5.430929320010637,Average
1497,83.34624447403488,95.03881452773456,80.97451730048073,24.002136284919533,6.195511263098181,Excellent
1498,63.10938547859939,48.209117855137684,73.17470219002863,3.586034376197687,8.79019431062097,Average
1499,98.97579230664667,97.01424122924814,68.98928900896149,3.3122585864788494,9.826654092250864,Excellent
1500,99.44842977918412,66.76034637747735,93.16668247859127,8.490302717943603,4.668257877164352,Good
